Use ctadb;

CREATE TABLE `lstRegion` (
  `Id` int(11) NOT NULL AUTO_INCREMENT,
  `sRegion_name` varchar(100) DEFAULT NULL,
  `sRegion_code` varchar(5) DEFAULT NULL,
  `dtEntered` datetime DEFAULT NULL,
  `nEnteredBy` int(11) Not NULL,
  `dtUpdated` datetime DEFAULT NULL,
  `nUpdatedBy` int(11) Not NULL,
  PRIMARY KEY (`id`)
) ENGINE=InnoDB AUTO_INCREMENT=1 DEFAULT CHARSET=utf8;

INSERT INTO `lstregion` (`sRegion_name`, `sRegion_code`, `dtEntered`,`nEnteredBy`,`dtUpdated`,`nUpdatedBy`) VALUES ('Place', 'None',now(),1,now(),1);
INSERT INTO `lstregion` (`sRegion_name`, `sRegion_code`, `dtEntered`,`nEnteredBy`,`dtUpdated`,`nUpdatedBy`) VALUES ('Bir Boetsog', 'BTS',now(),1,now(),1);
INSERT INTO `lstregion` (`sRegion_name`, `sRegion_code`, `dtEntered`,`nEnteredBy`,`dtUpdated`,`nUpdatedBy`) VALUES ('Bir Dege', 'BD',now(),1,now(),1);
INSERT INTO `lstregion` (`sRegion_name`, `sRegion_code`, `dtEntered`,`nEnteredBy`,`dtUpdated`,`nUpdatedBy`) VALUES ('Bangalore', 'BL',now(),1,now(),1);
INSERT INTO `lstregion` (`sRegion_name`, `sRegion_code`, `dtEntered`,`nEnteredBy`,`dtUpdated`,`nUpdatedBy`) VALUES ('Bhandara Norgeling', 'BN',now(),1,now(),1);
INSERT INTO `lstregion` (`sRegion_name`, `sRegion_code`, `dtEntered`,`nEnteredBy`,`dtUpdated`,`nUpdatedBy`) VALUES ('Bomdila/Tengang', 'BT',now(),1,now(),1);
INSERT INTO `lstregion` (`sRegion_name`, `sRegion_code`, `dtEntered`,`nEnteredBy`,`dtUpdated`,`nUpdatedBy`) VALUES ('Chauntra Nangchen', 'CN',now(),1,now(),1);
INSERT INTO `lstregion` (`sRegion_name`, `sRegion_code`, `dtEntered`,`nEnteredBy`,`dtUpdated`,`nUpdatedBy`) VALUES ('Dehradun', 'DD',now(),1,now(),1);
INSERT INTO `lstregion` (`sRegion_name`, `sRegion_code`, `dtEntered`,`nEnteredBy`,`dtUpdated`,`nUpdatedBy`) VALUES ('Darjeeling', 'DJ',now(),1,now(),1);
INSERT INTO `lstregion` (`sRegion_name`, `sRegion_code`, `dtEntered`,`nEnteredBy`,`dtUpdated`,`nUpdatedBy`) VALUES ('Delhi', 'DL',now(),1,now(),1);
INSERT INTO `lstregion` (`sRegion_name`, `sRegion_code`, `dtEntered`,`nEnteredBy`,`dtUpdated`,`nUpdatedBy`) VALUES ('Dalhousie Phuntsokling', 'DP',now(),1,now(),1);
INSERT INTO `lstregion` (`sRegion_name`, `sRegion_code`, `dtEntered`,`nEnteredBy`,`dtUpdated`,`nUpdatedBy`) VALUES ('Dhasa', 'DS',now(),1,now(),1);
INSERT INTO `lstregion` (`sRegion_name`, `sRegion_code`, `dtEntered`,`nEnteredBy`,`dtUpdated`,`nUpdatedBy`) VALUES ('Gangtok', 'GT',now(),1,now(),1);
INSERT INTO `lstregion` (`sRegion_name`, `sRegion_code`, `dtEntered`,`nEnteredBy`,`dtUpdated`,`nUpdatedBy`) VALUES ('Herbertpur Doegu Yougyaling', 'HB',now(),1,now(),1);
INSERT INTO `lstregion` (`sRegion_name`, `sRegion_code`, `dtEntered`,`nEnteredBy`,`dtUpdated`,`nUpdatedBy`) VALUES ('Hunsur Rabling', 'HR',now(),1,now(),1);
INSERT INTO `lstregion` (`sRegion_name`, `sRegion_code`, `dtEntered`,`nEnteredBy`,`dtUpdated`,`nUpdatedBy`) VALUES ('Kalimpong', 'KP',now(),1,now(),1);
INSERT INTO `lstregion` (`sRegion_name`, `sRegion_code`, `dtEntered`,`nEnteredBy`,`dtUpdated`,`nUpdatedBy`) VALUES ('Kollegal Dhondenling', 'KD',now(),1,now(),1);
INSERT INTO `lstregion` (`sRegion_name`, `sRegion_code`, `dtEntered`,`nEnteredBy`,`dtUpdated`,`nUpdatedBy`) VALUES ('Sataun', 'KK',now(),1,now(),1);
INSERT INTO `lstregion` (`sRegion_name`, `sRegion_code`, `dtEntered`,`nEnteredBy`,`dtUpdated`,`nUpdatedBy`) VALUES ('Kamrao', 'KR',now(),1,now(),1);
INSERT INTO `lstregion` (`sRegion_name`, `sRegion_code`, `dtEntered`,`nEnteredBy`,`dtUpdated`,`nUpdatedBy`) VALUES ('Kullu', 'KM',now(),1,now(),1);
INSERT INTO `lstregion` (`sRegion_name`, `sRegion_code`, `dtEntered`,`nEnteredBy`,`dtUpdated`,`nUpdatedBy`) VALUES ('Ladakh', 'LD',now(),1,now(),1);
INSERT INTO `lstregion` (`sRegion_name`, `sRegion_code`, `dtEntered`,`nEnteredBy`,`dtUpdated`,`nUpdatedBy`) VALUES ('Bylakuppe Lugsam', 'LS',now(),1,now(),1);
INSERT INTO `lstregion` (`sRegion_name`, `sRegion_code`, `dtEntered`,`nEnteredBy`,`dtUpdated`,`nUpdatedBy`) VALUES ('Miao Chophelling', 'MC',now(),1,now(),1);
INSERT INTO `lstregion` (`sRegion_name`, `sRegion_code`, `dtEntered`,`nEnteredBy`,`dtUpdated`,`nUpdatedBy`) VALUES ('Mundgod Doeguling', 'MD',now(),1,now(),1);
INSERT INTO `lstregion` (`sRegion_name`, `sRegion_code`, `dtEntered`,`nEnteredBy`,`dtUpdated`,`nUpdatedBy`) VALUES ('Mandi', 'MN',now(),1,now(),1);
INSERT INTO `lstregion` (`sRegion_name`, `sRegion_code`, `dtEntered`,`nEnteredBy`,`dtUpdated`,`nUpdatedBy`) VALUES ('Mainpat Phendeling', 'MP',now(),1,now(),1);
INSERT INTO `lstregion` (`sRegion_name`, `sRegion_code`, `dtEntered`,`nEnteredBy`,`dtUpdated`,`nUpdatedBy`) VALUES ('Bonshee New Thopgyal', 'BNT',now(),1,now(),1);
INSERT INTO `lstregion` (`sRegion_name`, `sRegion_code`, `dtEntered`,`nEnteredBy`,`dtUpdated`,`nUpdatedBy`) VALUES ('Odisha Phuntsoklimg', 'OP',now(),1,now(),1);
INSERT INTO `lstregion` (`sRegion_name`, `sRegion_code`, `dtEntered`,`nEnteredBy`,`dtUpdated`,`nUpdatedBy`) VALUES ('Poanta Cholsum', 'PC',now(),1,now(),1);
INSERT INTO `lstregion` (`sRegion_name`, `sRegion_code`, `dtEntered`,`nEnteredBy`,`dtUpdated`,`nUpdatedBy`) VALUES ('Puruwala Sakya', 'PS',now(),1,now(),1);
INSERT INTO `lstregion` (`sRegion_name`, `sRegion_code`, `dtEntered`,`nEnteredBy`,`dtUpdated`,`nUpdatedBy`) VALUES ('Ravangla', 'RV',now(),1,now(),1);
INSERT INTO `lstregion` (`sRegion_name`, `sRegion_code`, `dtEntered`,`nEnteredBy`,`dtUpdated`,`nUpdatedBy`) VALUES ('Tso Pema', 'RW',now(),1,now(),1);
INSERT INTO `lstregion` (`sRegion_name`, `sRegion_code`, `dtEntered`,`nEnteredBy`,`dtUpdated`,`nUpdatedBy`) VALUES ('Shillong', 'SH',now(),1,now(),1);
INSERT INTO `lstregion` (`sRegion_name`, `sRegion_code`, `dtEntered`,`nEnteredBy`,`dtUpdated`,`nUpdatedBy`) VALUES ('Shimla', 'SM',now(),1,now(),1);
INSERT INTO `lstregion` (`sRegion_name`, `sRegion_code`, `dtEntered`,`nEnteredBy`,`dtUpdated`,`nUpdatedBy`) VALUES ('Sonada Tashiling', 'ST',now(),1,now(),1);
INSERT INTO `lstregion` (`sRegion_name`, `sRegion_code`, `dtEntered`,`nEnteredBy`,`dtUpdated`,`nUpdatedBy`) VALUES ('Bylakuppe Dickyi Larso', 'TD',now(),1,now(),1);
INSERT INTO `lstregion` (`sRegion_name`, `sRegion_code`, `dtEntered`,`nEnteredBy`,`dtUpdated`,`nUpdatedBy`) VALUES ('Tuting', 'TT',now(),1,now(),1);
INSERT INTO `lstregion` (`sRegion_name`, `sRegion_code`, `dtEntered`,`nEnteredBy`,`dtUpdated`,`nUpdatedBy`) VALUES ('Tezu Dhargyaling', 'TZ',now(),1,now(),1);
INSERT INTO `lstregion` (`sRegion_name`, `sRegion_code`, `dtEntered`,`nEnteredBy`,`dtUpdated`,`nUpdatedBy`) VALUES ('Gyalsa Phakshing', 'GP',now(),1,now(),1);
INSERT INTO `lstregion` (`sRegion_name`, `sRegion_code`, `dtEntered`,`nEnteredBy`,`dtUpdated`,`nUpdatedBy`) VALUES ('Boudha Jorpati', 'CJ',now(),1,now(),1);
INSERT INTO `lstregion` (`sRegion_name`, `sRegion_code`, `dtEntered`,`nEnteredBy`,`dtUpdated`,`nUpdatedBy`) VALUES ('Jawalakhel', 'JH',now(),1,now(),1);
INSERT INTO `lstregion` (`sRegion_name`, `sRegion_code`, `dtEntered`,`nEnteredBy`,`dtUpdated`,`nUpdatedBy`) VALUES ('Sha-Wa-Ra', 'SW',now(),1,now(),1);
INSERT INTO `lstregion` (`sRegion_name`, `sRegion_code`, `dtEntered`,`nEnteredBy`,`dtUpdated`,`nUpdatedBy`) VALUES ('Tashiling', 'TL',now(),1,now(),1);
INSERT INTO `lstregion` (`sRegion_name`, `sRegion_code`, `dtEntered`,`nEnteredBy`,`dtUpdated`,`nUpdatedBy`) VALUES ('Tashi Palkyil', 'TP',now(),1,now(),1);
INSERT INTO `lstregion` (`sRegion_name`, `sRegion_code`, `dtEntered`,`nEnteredBy`,`dtUpdated`,`nUpdatedBy`) VALUES ('Lodrik', 'PLD',now(),1,now(),1);
INSERT INTO `lstregion` (`sRegion_name`, `sRegion_code`, `dtEntered`,`nEnteredBy`,`dtUpdated`,`nUpdatedBy`) VALUES ('New South Wales', 'NSW',now(),1,now(),1);
INSERT INTO `lstregion` (`sRegion_name`, `sRegion_code`, `dtEntered`,`nEnteredBy`,`dtUpdated`,`nUpdatedBy`) VALUES ('Norfolk Island', 'NF',now(),1,now(),1);
INSERT INTO `lstregion` (`sRegion_name`, `sRegion_code`, `dtEntered`,`nEnteredBy`,`dtUpdated`,`nUpdatedBy`) VALUES ('Northen Territory', 'NT',now(),1,now(),1);
INSERT INTO `lstregion` (`sRegion_name`, `sRegion_code`, `dtEntered`,`nEnteredBy`,`dtUpdated`,`nUpdatedBy`) VALUES ('Queendsland', 'QL',now(),1,now(),1);
INSERT INTO `lstregion` (`sRegion_name`, `sRegion_code`, `dtEntered`,`nEnteredBy`,`dtUpdated`,`nUpdatedBy`) VALUES ('South Australia', 'SA',now(),1,now(),1);
INSERT INTO `lstregion` (`sRegion_name`, `sRegion_code`, `dtEntered`,`nEnteredBy`,`dtUpdated`,`nUpdatedBy`) VALUES ('Tasmania', 'TA',now(),1,now(),1);
INSERT INTO `lstregion` (`sRegion_name`, `sRegion_code`, `dtEntered`,`nEnteredBy`,`dtUpdated`,`nUpdatedBy`) VALUES ('Victoria', 'VI',now(),1,now(),1);
INSERT INTO `lstregion` (`sRegion_name`, `sRegion_code`, `dtEntered`,`nEnteredBy`,`dtUpdated`,`nUpdatedBy`) VALUES ('Western Australia', 'AUW',now(),1,now(),1);
INSERT INTO `lstregion` (`sRegion_name`, `sRegion_code`, `dtEntered`,`nEnteredBy`,`dtUpdated`,`nUpdatedBy`) VALUES ('Alsace', 'FA',now(),1,now(),1);
INSERT INTO `lstregion` (`sRegion_name`, `sRegion_code`, `dtEntered`,`nEnteredBy`,`dtUpdated`,`nUpdatedBy`) VALUES ('Aquitaine', 'FB',now(),1,now(),1);
INSERT INTO `lstregion` (`sRegion_name`, `sRegion_code`, `dtEntered`,`nEnteredBy`,`dtUpdated`,`nUpdatedBy`) VALUES ('Auvergne', 'FC',now(),1,now(),1);
INSERT INTO `lstregion` (`sRegion_name`, `sRegion_code`, `dtEntered`,`nEnteredBy`,`dtUpdated`,`nUpdatedBy`) VALUES ('Basse-Normandie', 'FD',now(),1,now(),1);
INSERT INTO `lstregion` (`sRegion_name`, `sRegion_code`, `dtEntered`,`nEnteredBy`,`dtUpdated`,`nUpdatedBy`) VALUES ('Bretagne', 'FE',now(),1,now(),1);
INSERT INTO `lstregion` (`sRegion_name`, `sRegion_code`, `dtEntered`,`nEnteredBy`,`dtUpdated`,`nUpdatedBy`) VALUES ('Centre', 'FF',now(),1,now(),1);
INSERT INTO `lstregion` (`sRegion_name`, `sRegion_code`, `dtEntered`,`nEnteredBy`,`dtUpdated`,`nUpdatedBy`) VALUES ('Champagne Ardenne', 'FG',now(),1,now(),1);
INSERT INTO `lstregion` (`sRegion_name`, `sRegion_code`, `dtEntered`,`nEnteredBy`,`dtUpdated`,`nUpdatedBy`) VALUES ('Corse', 'FH',now(),1,now(),1);
INSERT INTO `lstregion` (`sRegion_name`, `sRegion_code`, `dtEntered`,`nEnteredBy`,`dtUpdated`,`nUpdatedBy`) VALUES ('Franche Comte', 'FI',now(),1,now(),1);
INSERT INTO `lstregion` (`sRegion_name`, `sRegion_code`, `dtEntered`,`nEnteredBy`,`dtUpdated`,`nUpdatedBy`) VALUES ('Haute-Normandie', 'FQ',now(),1,now(),1);
INSERT INTO `lstregion` (`sRegion_name`, `sRegion_code`, `dtEntered`,`nEnteredBy`,`dtUpdated`,`nUpdatedBy`) VALUES ('Ile-de-France', 'FJ',now(),1,now(),1);
INSERT INTO `lstregion` (`sRegion_name`, `sRegion_code`, `dtEntered`,`nEnteredBy`,`dtUpdated`,`nUpdatedBy`) VALUES ('Languedoc-Roussillon', 'FK',now(),1,now(),1);
INSERT INTO `lstregion` (`sRegion_name`, `sRegion_code`, `dtEntered`,`nEnteredBy`,`dtUpdated`,`nUpdatedBy`) VALUES ('Limousin', 'FRL',now(),1,now(),1);
INSERT INTO `lstregion` (`sRegion_name`, `sRegion_code`, `dtEntered`,`nEnteredBy`,`dtUpdated`,`nUpdatedBy`) VALUES ('Lorraine', 'FM',now(),1,now(),1);
INSERT INTO `lstregion` (`sRegion_name`, `sRegion_code`, `dtEntered`,`nEnteredBy`,`dtUpdated`,`nUpdatedBy`) VALUES ('Midi-Pyrenees', 'FN',now(),1,now(),1);
INSERT INTO `lstregion` (`sRegion_name`, `sRegion_code`, `dtEntered`,`nEnteredBy`,`dtUpdated`,`nUpdatedBy`) VALUES ('Nord-Pas-de-Calais', 'FO',now(),1,now(),1);
INSERT INTO `lstregion` (`sRegion_name`, `sRegion_code`, `dtEntered`,`nEnteredBy`,`dtUpdated`,`nUpdatedBy`) VALUES ('Pays de la loire', 'FR',now(),1,now(),1);
INSERT INTO `lstregion` (`sRegion_name`, `sRegion_code`, `dtEntered`,`nEnteredBy`,`dtUpdated`,`nUpdatedBy`) VALUES ('Picardie', 'FS',now(),1,now(),1);
INSERT INTO `lstregion` (`sRegion_name`, `sRegion_code`, `dtEntered`,`nEnteredBy`,`dtUpdated`,`nUpdatedBy`) VALUES ('Poitou Charentes', 'FT',now(),1,now(),1);
INSERT INTO `lstregion` (`sRegion_name`, `sRegion_code`, `dtEntered`,`nEnteredBy`,`dtUpdated`,`nUpdatedBy`) VALUES ('Provence-Alpes-Cote d\'Asur', 'FU',now(),1,now(),1);
INSERT INTO `lstregion` (`sRegion_name`, `sRegion_code`, `dtEntered`,`nEnteredBy`,`dtUpdated`,`nUpdatedBy`) VALUES ('Rhone-Alpes', 'FV',now(),1,now(),1);
INSERT INTO `lstregion` (`sRegion_name`, `sRegion_code`, `dtEntered`,`nEnteredBy`,`dtUpdated`,`nUpdatedBy`) VALUES ('Alabama', 'AL',now(),1,now(),1);
INSERT INTO `lstregion` (`sRegion_name`, `sRegion_code`, `dtEntered`,`nEnteredBy`,`dtUpdated`,`nUpdatedBy`) VALUES ('Alaska', 'AK',now(),1,now(),1);
INSERT INTO `lstregion` (`sRegion_name`, `sRegion_code`, `dtEntered`,`nEnteredBy`,`dtUpdated`,`nUpdatedBy`) VALUES ('Arizona', 'AZ',now(),1,now(),1);
INSERT INTO `lstregion` (`sRegion_name`, `sRegion_code`, `dtEntered`,`nEnteredBy`,`dtUpdated`,`nUpdatedBy`) VALUES ('Arkansas', 'AR',now(),1,now(),1);
INSERT INTO `lstregion` (`sRegion_name`, `sRegion_code`, `dtEntered`,`nEnteredBy`,`dtUpdated`,`nUpdatedBy`) VALUES ('California', 'CA',now(),1,now(),1);
INSERT INTO `lstregion` (`sRegion_name`, `sRegion_code`, `dtEntered`,`nEnteredBy`,`dtUpdated`,`nUpdatedBy`) VALUES ('Colorado', 'CO',now(),1,now(),1);
INSERT INTO `lstregion` (`sRegion_name`, `sRegion_code`, `dtEntered`,`nEnteredBy`,`dtUpdated`,`nUpdatedBy`) VALUES ('Connecticut', 'CT',now(),1,now(),1);
INSERT INTO `lstregion` (`sRegion_name`, `sRegion_code`, `dtEntered`,`nEnteredBy`,`dtUpdated`,`nUpdatedBy`) VALUES ('Delaware', 'DE',now(),1,now(),1);
INSERT INTO `lstregion` (`sRegion_name`, `sRegion_code`, `dtEntered`,`nEnteredBy`,`dtUpdated`,`nUpdatedBy`) VALUES ('Florida', 'FL',now(),1,now(),1);
INSERT INTO `lstregion` (`sRegion_name`, `sRegion_code`, `dtEntered`,`nEnteredBy`,`dtUpdated`,`nUpdatedBy`) VALUES ('Georgia', 'GA',now(),1,now(),1);
INSERT INTO `lstregion` (`sRegion_name`, `sRegion_code`, `dtEntered`,`nEnteredBy`,`dtUpdated`,`nUpdatedBy`) VALUES ('Hawaii', 'HI',now(),1,now(),1);
INSERT INTO `lstregion` (`sRegion_name`, `sRegion_code`, `dtEntered`,`nEnteredBy`,`dtUpdated`,`nUpdatedBy`) VALUES ('Idaho', 'ID',now(),1,now(),1);
INSERT INTO `lstregion` (`sRegion_name`, `sRegion_code`, `dtEntered`,`nEnteredBy`,`dtUpdated`,`nUpdatedBy`) VALUES ('Illinois', 'IL',now(),1,now(),1);
INSERT INTO `lstregion` (`sRegion_name`, `sRegion_code`, `dtEntered`,`nEnteredBy`,`dtUpdated`,`nUpdatedBy`) VALUES ('Indiana', 'IN',now(),1,now(),1);
INSERT INTO `lstregion` (`sRegion_name`, `sRegion_code`, `dtEntered`,`nEnteredBy`,`dtUpdated`,`nUpdatedBy`) VALUES ('Iowa', 'IA',now(),1,now(),1);
INSERT INTO `lstregion` (`sRegion_name`, `sRegion_code`, `dtEntered`,`nEnteredBy`,`dtUpdated`,`nUpdatedBy`) VALUES ('Kansas', 'KS',now(),1,now(),1);
INSERT INTO `lstregion` (`sRegion_name`, `sRegion_code`, `dtEntered`,`nEnteredBy`,`dtUpdated`,`nUpdatedBy`) VALUES ('Kentucky', 'KY',now(),1,now(),1);
INSERT INTO `lstregion` (`sRegion_name`, `sRegion_code`, `dtEntered`,`nEnteredBy`,`dtUpdated`,`nUpdatedBy`) VALUES ('Louisiana', 'LA',now(),1,now(),1);
INSERT INTO `lstregion` (`sRegion_name`, `sRegion_code`, `dtEntered`,`nEnteredBy`,`dtUpdated`,`nUpdatedBy`) VALUES ('Maine', 'ME',now(),1,now(),1);
INSERT INTO `lstregion` (`sRegion_name`, `sRegion_code`, `dtEntered`,`nEnteredBy`,`dtUpdated`,`nUpdatedBy`) VALUES ('Maryland', 'MD',now(),1,now(),1);
INSERT INTO `lstregion` (`sRegion_name`, `sRegion_code`, `dtEntered`,`nEnteredBy`,`dtUpdated`,`nUpdatedBy`) VALUES ('Massachusetts', 'MA',now(),1,now(),1);
INSERT INTO `lstregion` (`sRegion_name`, `sRegion_code`, `dtEntered`,`nEnteredBy`,`dtUpdated`,`nUpdatedBy`) VALUES ('Michigan', 'MI',now(),1,now(),1);
INSERT INTO `lstregion` (`sRegion_name`, `sRegion_code`, `dtEntered`,`nEnteredBy`,`dtUpdated`,`nUpdatedBy`) VALUES ('Minnesota', 'MN',now(),1,now(),1);
INSERT INTO `lstregion` (`sRegion_name`, `sRegion_code`, `dtEntered`,`nEnteredBy`,`dtUpdated`,`nUpdatedBy`) VALUES ('Mississippi', 'MS',now(),1,now(),1);
INSERT INTO `lstregion` (`sRegion_name`, `sRegion_code`, `dtEntered`,`nEnteredBy`,`dtUpdated`,`nUpdatedBy`) VALUES ('Missouri', 'MO',now(),1,now(),1);
INSERT INTO `lstregion` (`sRegion_name`, `sRegion_code`, `dtEntered`,`nEnteredBy`,`dtUpdated`,`nUpdatedBy`) VALUES ('Montana', 'MT',now(),1,now(),1);
INSERT INTO `lstregion` (`sRegion_name`, `sRegion_code`, `dtEntered`,`nEnteredBy`,`dtUpdated`,`nUpdatedBy`) VALUES ('Nebraska', 'NE',now(),1,now(),1);
INSERT INTO `lstregion` (`sRegion_name`, `sRegion_code`, `dtEntered`,`nEnteredBy`,`dtUpdated`,`nUpdatedBy`) VALUES ('Nevada', 'NV',now(),1,now(),1);
INSERT INTO `lstregion` (`sRegion_name`, `sRegion_code`, `dtEntered`,`nEnteredBy`,`dtUpdated`,`nUpdatedBy`) VALUES ('New Hamshire', 'NH',now(),1,now(),1);
INSERT INTO `lstregion` (`sRegion_name`, `sRegion_code`, `dtEntered`,`nEnteredBy`,`dtUpdated`,`nUpdatedBy`) VALUES ('New Jersey', 'NJ',now(),1,now(),1);
INSERT INTO `lstregion` (`sRegion_name`, `sRegion_code`, `dtEntered`,`nEnteredBy`,`dtUpdated`,`nUpdatedBy`) VALUES ('New Mexico', 'NM',now(),1,now(),1);
INSERT INTO `lstregion` (`sRegion_name`, `sRegion_code`, `dtEntered`,`nEnteredBy`,`dtUpdated`,`nUpdatedBy`) VALUES ('New York', 'NY',now(),1,now(),1);
INSERT INTO `lstregion` (`sRegion_name`, `sRegion_code`, `dtEntered`,`nEnteredBy`,`dtUpdated`,`nUpdatedBy`) VALUES ('North Carolina', 'NC',now(),1,now(),1);
INSERT INTO `lstregion` (`sRegion_name`, `sRegion_code`, `dtEntered`,`nEnteredBy`,`dtUpdated`,`nUpdatedBy`) VALUES ('North Dakota', 'ND',now(),1,now(),1);
INSERT INTO `lstregion` (`sRegion_name`, `sRegion_code`, `dtEntered`,`nEnteredBy`,`dtUpdated`,`nUpdatedBy`) VALUES ('Ohio', 'OH',now(),1,now(),1);
INSERT INTO `lstregion` (`sRegion_name`, `sRegion_code`, `dtEntered`,`nEnteredBy`,`dtUpdated`,`nUpdatedBy`) VALUES ('Oklahoma', 'OK',now(),1,now(),1);
INSERT INTO `lstregion` (`sRegion_name`, `sRegion_code`, `dtEntered`,`nEnteredBy`,`dtUpdated`,`nUpdatedBy`) VALUES ('Oregon', 'OR',now(),1,now(),1);
INSERT INTO `lstregion` (`sRegion_name`, `sRegion_code`, `dtEntered`,`nEnteredBy`,`dtUpdated`,`nUpdatedBy`) VALUES ('Pennysylvania', 'PA',now(),1,now(),1);
INSERT INTO `lstregion` (`sRegion_name`, `sRegion_code`, `dtEntered`,`nEnteredBy`,`dtUpdated`,`nUpdatedBy`) VALUES ('Rhode Island', 'RI',now(),1,now(),1);
INSERT INTO `lstregion` (`sRegion_name`, `sRegion_code`, `dtEntered`,`nEnteredBy`,`dtUpdated`,`nUpdatedBy`) VALUES ('South Carolina', 'SC',now(),1,now(),1);
INSERT INTO `lstregion` (`sRegion_name`, `sRegion_code`, `dtEntered`,`nEnteredBy`,`dtUpdated`,`nUpdatedBy`) VALUES ('South Dakota', 'SD',now(),1,now(),1);
INSERT INTO `lstregion` (`sRegion_name`, `sRegion_code`, `dtEntered`,`nEnteredBy`,`dtUpdated`,`nUpdatedBy`) VALUES ('Tennessee', 'TN',now(),1,now(),1);
INSERT INTO `lstregion` (`sRegion_name`, `sRegion_code`, `dtEntered`,`nEnteredBy`,`dtUpdated`,`nUpdatedBy`) VALUES ('Texas', 'TX',now(),1,now(),1);
INSERT INTO `lstregion` (`sRegion_name`, `sRegion_code`, `dtEntered`,`nEnteredBy`,`dtUpdated`,`nUpdatedBy`) VALUES ('Utah', 'UT',now(),1,now(),1);
INSERT INTO `lstregion` (`sRegion_name`, `sRegion_code`, `dtEntered`,`nEnteredBy`,`dtUpdated`,`nUpdatedBy`) VALUES ('Vermont', 'VT',now(),1,now(),1);
INSERT INTO `lstregion` (`sRegion_name`, `sRegion_code`, `dtEntered`,`nEnteredBy`,`dtUpdated`,`nUpdatedBy`) VALUES ('Virginia', 'VA',now(),1,now(),1);
INSERT INTO `lstregion` (`sRegion_name`, `sRegion_code`, `dtEntered`,`nEnteredBy`,`dtUpdated`,`nUpdatedBy`) VALUES ('Washington', 'WA',now(),1,now(),1);
INSERT INTO `lstregion` (`sRegion_name`, `sRegion_code`, `dtEntered`,`nEnteredBy`,`dtUpdated`,`nUpdatedBy`) VALUES ('West Virginia', 'WV',now(),1,now(),1);
INSERT INTO `lstregion` (`sRegion_name`, `sRegion_code`, `dtEntered`,`nEnteredBy`,`dtUpdated`,`nUpdatedBy`) VALUES ('Wisconsin', 'WI',now(),1,now(),1);
INSERT INTO `lstregion` (`sRegion_name`, `sRegion_code`, `dtEntered`,`nEnteredBy`,`dtUpdated`,`nUpdatedBy`) VALUES ('Wyoming', 'WY',now(),1,now(),1);
INSERT INTO `lstregion` (`sRegion_name`, `sRegion_code`, `dtEntered`,`nEnteredBy`,`dtUpdated`,`nUpdatedBy`) VALUES ('Alberta', 'AB',now(),1,now(),1);
INSERT INTO `lstregion` (`sRegion_name`, `sRegion_code`, `dtEntered`,`nEnteredBy`,`dtUpdated`,`nUpdatedBy`) VALUES ('British Columbia', 'BC',now(),1,now(),1);
INSERT INTO `lstregion` (`sRegion_name`, `sRegion_code`, `dtEntered`,`nEnteredBy`,`dtUpdated`,`nUpdatedBy`) VALUES ('Manitoba', 'MB',now(),1,now(),1);
INSERT INTO `lstregion` (`sRegion_name`, `sRegion_code`, `dtEntered`,`nEnteredBy`,`dtUpdated`,`nUpdatedBy`) VALUES ('New Brunswick', 'NB',now(),1,now(),1);
INSERT INTO `lstregion` (`sRegion_name`, `sRegion_code`, `dtEntered`,`nEnteredBy`,`dtUpdated`,`nUpdatedBy`) VALUES ('New Foundland & Labrador', 'NL',now(),1,now(),1);
INSERT INTO `lstregion` (`sRegion_name`, `sRegion_code`, `dtEntered`,`nEnteredBy`,`dtUpdated`,`nUpdatedBy`) VALUES ('Nova Scotia', 'NS',now(),1,now(),1);
INSERT INTO `lstregion` (`sRegion_name`, `sRegion_code`, `dtEntered`,`nEnteredBy`,`dtUpdated`,`nUpdatedBy`) VALUES ('North West Territories', 'NWT',now(),1,now(),1);
INSERT INTO `lstregion` (`sRegion_name`, `sRegion_code`, `dtEntered`,`nEnteredBy`,`dtUpdated`,`nUpdatedBy`) VALUES ('Nunavut', 'NU',now(),1,now(),1);
INSERT INTO `lstregion` (`sRegion_name`, `sRegion_code`, `dtEntered`,`nEnteredBy`,`dtUpdated`,`nUpdatedBy`) VALUES ('Ontario', 'ON',now(),1,now(),1);
INSERT INTO `lstregion` (`sRegion_name`, `sRegion_code`, `dtEntered`,`nEnteredBy`,`dtUpdated`,`nUpdatedBy`) VALUES ('Prince Edward Island', 'PE',now(),1,now(),1);
INSERT INTO `lstregion` (`sRegion_name`, `sRegion_code`, `dtEntered`,`nEnteredBy`,`dtUpdated`,`nUpdatedBy`) VALUES ('Quebec', 'QC',now(),1,now(),1);
INSERT INTO `lstregion` (`sRegion_name`, `sRegion_code`, `dtEntered`,`nEnteredBy`,`dtUpdated`,`nUpdatedBy`) VALUES ('Saskatchewan', 'WK',now(),1,now(),1);
INSERT INTO `lstregion` (`sRegion_name`, `sRegion_code`, `dtEntered`,`nEnteredBy`,`dtUpdated`,`nUpdatedBy`) VALUES ('Yukon', 'YT',now(),1,now(),1);
INSERT INTO `lstregion` (`sRegion_name`, `sRegion_code`, `dtEntered`,`nEnteredBy`,`dtUpdated`,`nUpdatedBy`) VALUES ('Stuttgart', 'BW',now(),1,now(),1);
INSERT INTO `lstregion` (`sRegion_name`, `sRegion_code`, `dtEntered`,`nEnteredBy`,`dtUpdated`,`nUpdatedBy`) VALUES ('Munich', 'BY',now(),1,now(),1);
INSERT INTO `lstregion` (`sRegion_name`, `sRegion_code`, `dtEntered`,`nEnteredBy`,`dtUpdated`,`nUpdatedBy`) VALUES ('Berlin', 'DBE',now(),1,now(),1);
INSERT INTO `lstregion` (`sRegion_name`, `sRegion_code`, `dtEntered`,`nEnteredBy`,`dtUpdated`,`nUpdatedBy`) VALUES ('Potsdam', 'BB',now(),1,now(),1);
INSERT INTO `lstregion` (`sRegion_name`, `sRegion_code`, `dtEntered`,`nEnteredBy`,`dtUpdated`,`nUpdatedBy`) VALUES ('Bremen', 'DHB',now(),1,now(),1);
INSERT INTO `lstregion` (`sRegion_name`, `sRegion_code`, `dtEntered`,`nEnteredBy`,`dtUpdated`,`nUpdatedBy`) VALUES ('Hamburg', 'HH',now(),1,now(),1);
INSERT INTO `lstregion` (`sRegion_name`, `sRegion_code`, `dtEntered`,`nEnteredBy`,`dtUpdated`,`nUpdatedBy`) VALUES ('Hesse-Wiesbaden', 'HE',now(),1,now(),1);
INSERT INTO `lstregion` (`sRegion_name`, `sRegion_code`, `dtEntered`,`nEnteredBy`,`dtUpdated`,`nUpdatedBy`) VALUES ('Lower Saxony-Hanover', 'NI',now(),1,now(),1);
INSERT INTO `lstregion` (`sRegion_name`, `sRegion_code`, `dtEntered`,`nEnteredBy`,`dtUpdated`,`nUpdatedBy`) VALUES ('Schwerin', 'MV',now(),1,now(),1);
INSERT INTO `lstregion` (`sRegion_name`, `sRegion_code`, `dtEntered`,`nEnteredBy`,`dtUpdated`,`nUpdatedBy`) VALUES ('North Rhine-Westphallia', 'NRW',now(),1,now(),1);
INSERT INTO `lstregion` (`sRegion_name`, `sRegion_code`, `dtEntered`,`nEnteredBy`,`dtUpdated`,`nUpdatedBy`) VALUES ('Rhineland-Palatinate', 'RP',now(),1,now(),1);
INSERT INTO `lstregion` (`sRegion_name`, `sRegion_code`, `dtEntered`,`nEnteredBy`,`dtUpdated`,`nUpdatedBy`) VALUES ('Saarland', 'SL',now(),1,now(),1);
INSERT INTO `lstregion` (`sRegion_name`, `sRegion_code`, `dtEntered`,`nEnteredBy`,`dtUpdated`,`nUpdatedBy`) VALUES ('Saxony-Dresden', 'SN',now(),1,now(),1);
INSERT INTO `lstregion` (`sRegion_name`, `sRegion_code`, `dtEntered`,`nEnteredBy`,`dtUpdated`,`nUpdatedBy`) VALUES ('Saxony Anhalt-magdeburg', 'DST',now(),1,now(),1);
INSERT INTO `lstregion` (`sRegion_name`, `sRegion_code`, `dtEntered`,`nEnteredBy`,`dtUpdated`,`nUpdatedBy`) VALUES ('Schleswig-Holstein', 'DSH',now(),1,now(),1);
INSERT INTO `lstregion` (`sRegion_name`, `sRegion_code`, `dtEntered`,`nEnteredBy`,`dtUpdated`,`nUpdatedBy`) VALUES ('Thuringia', 'TH',now(),1,now(),1);
INSERT INTO `lstregion` (`sRegion_name`, `sRegion_code`, `dtEntered`,`nEnteredBy`,`dtUpdated`,`nUpdatedBy`) VALUES ('Zurich', 'ZH',now(),1,now(),1);
INSERT INTO `lstregion` (`sRegion_name`, `sRegion_code`, `dtEntered`,`nEnteredBy`,`dtUpdated`,`nUpdatedBy`) VALUES ('Bern', 'BE',now(),1,now(),1);
INSERT INTO `lstregion` (`sRegion_name`, `sRegion_code`, `dtEntered`,`nEnteredBy`,`dtUpdated`,`nUpdatedBy`) VALUES ('Lucerne', 'LU',now(),1,now(),1);
INSERT INTO `lstregion` (`sRegion_name`, `sRegion_code`, `dtEntered`,`nEnteredBy`,`dtUpdated`,`nUpdatedBy`) VALUES ('Uri', 'UR',now(),1,now(),1);
INSERT INTO `lstregion` (`sRegion_name`, `sRegion_code`, `dtEntered`,`nEnteredBy`,`dtUpdated`,`nUpdatedBy`) VALUES ('Schwyz', 'SZ',now(),1,now(),1);
INSERT INTO `lstregion` (`sRegion_name`, `sRegion_code`, `dtEntered`,`nEnteredBy`,`dtUpdated`,`nUpdatedBy`) VALUES ('Obwalden', 'OW',now(),1,now(),1);
INSERT INTO `lstregion` (`sRegion_name`, `sRegion_code`, `dtEntered`,`nEnteredBy`,`dtUpdated`,`nUpdatedBy`) VALUES ('Nidwalden', 'NW',now(),1,now(),1);
INSERT INTO `lstregion` (`sRegion_name`, `sRegion_code`, `dtEntered`,`nEnteredBy`,`dtUpdated`,`nUpdatedBy`) VALUES ('Glarus', 'GL',now(),1,now(),1);
INSERT INTO `lstregion` (`sRegion_name`, `sRegion_code`, `dtEntered`,`nEnteredBy`,`dtUpdated`,`nUpdatedBy`) VALUES ('Zug', 'ZG',now(),1,now(),1);
INSERT INTO `lstregion` (`sRegion_name`, `sRegion_code`, `dtEntered`,`nEnteredBy`,`dtUpdated`,`nUpdatedBy`) VALUES ('Fribourg', 'CFR',now(),1,now(),1);
INSERT INTO `lstregion` (`sRegion_name`, `sRegion_code`, `dtEntered`,`nEnteredBy`,`dtUpdated`,`nUpdatedBy`) VALUES ('Solothurn', 'LO',now(),1,now(),1);
INSERT INTO `lstregion` (`sRegion_name`, `sRegion_code`, `dtEntered`,`nEnteredBy`,`dtUpdated`,`nUpdatedBy`) VALUES ('Basel Stadt', 'BS',now(),1,now(),1);
INSERT INTO `lstregion` (`sRegion_name`, `sRegion_code`, `dtEntered`,`nEnteredBy`,`dtUpdated`,`nUpdatedBy`) VALUES ('Basel Landschaft', 'CBL',now(),1,now(),1);
INSERT INTO `lstregion` (`sRegion_name`, `sRegion_code`, `dtEntered`,`nEnteredBy`,`dtUpdated`,`nUpdatedBy`) VALUES ('Schaffhausen', 'CSH',now(),1,now(),1);
INSERT INTO `lstregion` (`sRegion_name`, `sRegion_code`, `dtEntered`,`nEnteredBy`,`dtUpdated`,`nUpdatedBy`) VALUES ('Appenzell Ausserrhoden', 'AR',now(),1,now(),1);
INSERT INTO `lstregion` (`sRegion_name`, `sRegion_code`, `dtEntered`,`nEnteredBy`,`dtUpdated`,`nUpdatedBy`) VALUES ('Appenzell Innerrhoden', 'AI',now(),1,now(),1);
INSERT INTO `lstregion` (`sRegion_name`, `sRegion_code`, `dtEntered`,`nEnteredBy`,`dtUpdated`,`nUpdatedBy`) VALUES ('St.Gallen', 'SG',now(),1,now(),1);
INSERT INTO `lstregion` (`sRegion_name`, `sRegion_code`, `dtEntered`,`nEnteredBy`,`dtUpdated`,`nUpdatedBy`) VALUES ('Graubunden', 'GR',now(),1,now(),1);
INSERT INTO `lstregion` (`sRegion_name`, `sRegion_code`, `dtEntered`,`nEnteredBy`,`dtUpdated`,`nUpdatedBy`) VALUES ('Aargau', 'AG',now(),1,now(),1);
INSERT INTO `lstregion` (`sRegion_name`, `sRegion_code`, `dtEntered`,`nEnteredBy`,`dtUpdated`,`nUpdatedBy`) VALUES ('Thurgau', 'TG',now(),1,now(),1);
INSERT INTO `lstregion` (`sRegion_name`, `sRegion_code`, `dtEntered`,`nEnteredBy`,`dtUpdated`,`nUpdatedBy`) VALUES ('Ticino', 'TI',now(),1,now(),1);
INSERT INTO `lstregion` (`sRegion_name`, `sRegion_code`, `dtEntered`,`nEnteredBy`,`dtUpdated`,`nUpdatedBy`) VALUES ('vaud', 'VD',now(),1,now(),1);
INSERT INTO `lstregion` (`sRegion_name`, `sRegion_code`, `dtEntered`,`nEnteredBy`,`dtUpdated`,`nUpdatedBy`) VALUES ('Valais', 'VS',now(),1,now(),1);
INSERT INTO `lstregion` (`sRegion_name`, `sRegion_code`, `dtEntered`,`nEnteredBy`,`dtUpdated`,`nUpdatedBy`) VALUES ('Neuchatel', 'NE',now(),1,now(),1);
INSERT INTO `lstregion` (`sRegion_name`, `sRegion_code`, `dtEntered`,`nEnteredBy`,`dtUpdated`,`nUpdatedBy`) VALUES ('Geneva', 'GE',now(),1,now(),1);
INSERT INTO `lstregion` (`sRegion_name`, `sRegion_code`, `dtEntered`,`nEnteredBy`,`dtUpdated`,`nUpdatedBy`) VALUES ('Jura', 'JU',now(),1,now(),1);
INSERT INTO `lstregion` (`sRegion_name`, `sRegion_code`, `dtEntered`,`nEnteredBy`,`dtUpdated`,`nUpdatedBy`) VALUES ('Dimapur', 'DMP',now(),1,now(),1);
INSERT INTO `lstregion` (`sRegion_name`, `sRegion_code`, `dtEntered`,`nEnteredBy`,`dtUpdated`,`nUpdatedBy`) VALUES ('Mussoorie', 'THF',now(),1,now(),1);
INSERT INTO `lstregion` (`sRegion_name`, `sRegion_code`, `dtEntered`,`nEnteredBy`,`dtUpdated`,`nUpdatedBy`) VALUES ('Chakrata', 'SFF',now(),1,now(),1);
INSERT INTO `lstregion` (`sRegion_name`, `sRegion_code`, `dtEntered`,`nEnteredBy`,`dtUpdated`,`nUpdatedBy`) VALUES ('Northland', 'NTL',now(),1,now(),1);
INSERT INTO `lstregion` (`sRegion_name`, `sRegion_code`, `dtEntered`,`nEnteredBy`,`dtUpdated`,`nUpdatedBy`) VALUES ('Auckland', 'AUK',now(),1,now(),1);
INSERT INTO `lstregion` (`sRegion_name`, `sRegion_code`, `dtEntered`,`nEnteredBy`,`dtUpdated`,`nUpdatedBy`) VALUES ('Walkato', 'WKO',now(),1,now(),1);
INSERT INTO `lstregion` (`sRegion_name`, `sRegion_code`, `dtEntered`,`nEnteredBy`,`dtUpdated`,`nUpdatedBy`) VALUES ('Bay of Plenty', 'BOP',now(),1,now(),1);
INSERT INTO `lstregion` (`sRegion_name`, `sRegion_code`, `dtEntered`,`nEnteredBy`,`dtUpdated`,`nUpdatedBy`) VALUES ('Gisbone', 'GIS',now(),1,now(),1);
INSERT INTO `lstregion` (`sRegion_name`, `sRegion_code`, `dtEntered`,`nEnteredBy`,`dtUpdated`,`nUpdatedBy`) VALUES ('Hawke\'s Bay', 'HKB',now(),1,now(),1);
INSERT INTO `lstregion` (`sRegion_name`, `sRegion_code`, `dtEntered`,`nEnteredBy`,`dtUpdated`,`nUpdatedBy`) VALUES ('Taranaki', 'TKI',now(),1,now(),1);
INSERT INTO `lstregion` (`sRegion_name`, `sRegion_code`, `dtEntered`,`nEnteredBy`,`dtUpdated`,`nUpdatedBy`) VALUES ('Manawtu-Wanganui', 'MWT',now(),1,now(),1);
INSERT INTO `lstregion` (`sRegion_name`, `sRegion_code`, `dtEntered`,`nEnteredBy`,`dtUpdated`,`nUpdatedBy`) VALUES ('Wellington', 'WGN',now(),1,now(),1);
INSERT INTO `lstregion` (`sRegion_name`, `sRegion_code`, `dtEntered`,`nEnteredBy`,`dtUpdated`,`nUpdatedBy`) VALUES ('Tasman', 'TAS',now(),1,now(),1);
INSERT INTO `lstregion` (`sRegion_name`, `sRegion_code`, `dtEntered`,`nEnteredBy`,`dtUpdated`,`nUpdatedBy`) VALUES ('Nelson', 'NSN',now(),1,now(),1);
INSERT INTO `lstregion` (`sRegion_name`, `sRegion_code`, `dtEntered`,`nEnteredBy`,`dtUpdated`,`nUpdatedBy`) VALUES ('Marlborough', 'MBH',now(),1,now(),1);
INSERT INTO `lstregion` (`sRegion_name`, `sRegion_code`, `dtEntered`,`nEnteredBy`,`dtUpdated`,`nUpdatedBy`) VALUES ('West Coast', 'WTC',now(),1,now(),1);
INSERT INTO `lstregion` (`sRegion_name`, `sRegion_code`, `dtEntered`,`nEnteredBy`,`dtUpdated`,`nUpdatedBy`) VALUES ('Canterbury', 'CAN',now(),1,now(),1);
INSERT INTO `lstregion` (`sRegion_name`, `sRegion_code`, `dtEntered`,`nEnteredBy`,`dtUpdated`,`nUpdatedBy`) VALUES ('Otago', 'OTA',now(),1,now(),1);
INSERT INTO `lstregion` (`sRegion_name`, `sRegion_code`, `dtEntered`,`nEnteredBy`,`dtUpdated`,`nUpdatedBy`) VALUES ('Southland', 'STL',now(),1,now(),1);
INSERT INTO `lstregion` (`sRegion_name`, `sRegion_code`, `dtEntered`,`nEnteredBy`,`dtUpdated`,`nUpdatedBy`) VALUES ('Antwerpen', 'AN',now(),1,now(),1);
INSERT INTO `lstregion` (`sRegion_name`, `sRegion_code`, `dtEntered`,`nEnteredBy`,`dtUpdated`,`nUpdatedBy`) VALUES ('Limburg', 'LI',now(),1,now(),1);
INSERT INTO `lstregion` (`sRegion_name`, `sRegion_code`, `dtEntered`,`nEnteredBy`,`dtUpdated`,`nUpdatedBy`) VALUES ('Vlaams-Brabant', 'VB',now(),1,now(),1);
INSERT INTO `lstregion` (`sRegion_name`, `sRegion_code`, `dtEntered`,`nEnteredBy`,`dtUpdated`,`nUpdatedBy`) VALUES ('Oost-Vlaanderen', 'OV',now(),1,now(),1);
INSERT INTO `lstregion` (`sRegion_name`, `sRegion_code`, `dtEntered`,`nEnteredBy`,`dtUpdated`,`nUpdatedBy`) VALUES ('West-Vlaanderen', 'WV',now(),1,now(),1);
INSERT INTO `lstregion` (`sRegion_name`, `sRegion_code`, `dtEntered`,`nEnteredBy`,`dtUpdated`,`nUpdatedBy`) VALUES ('Henegouwen', 'HT',now(),1,now(),1);
INSERT INTO `lstregion` (`sRegion_name`, `sRegion_code`, `dtEntered`,`nEnteredBy`,`dtUpdated`,`nUpdatedBy`) VALUES ('Walls-Brabant', 'BW',now(),1,now(),1);
INSERT INTO `lstregion` (`sRegion_name`, `sRegion_code`, `dtEntered`,`nEnteredBy`,`dtUpdated`,`nUpdatedBy`) VALUES ('Namen', 'NA',now(),1,now(),1);
INSERT INTO `lstregion` (`sRegion_name`, `sRegion_code`, `dtEntered`,`nEnteredBy`,`dtUpdated`,`nUpdatedBy`) VALUES ('Luik', 'LG',now(),1,now(),1);
INSERT INTO `lstregion` (`sRegion_name`, `sRegion_code`, `dtEntered`,`nEnteredBy`,`dtUpdated`,`nUpdatedBy`) VALUES ('Luxemburg', 'LX',now(),1,now(),1);
INSERT INTO `lstregion` (`sRegion_name`, `sRegion_code`, `dtEntered`,`nEnteredBy`,`dtUpdated`,`nUpdatedBy`) VALUES ('Varanasi', 'CUTS',now(),1,now(),1);
INSERT INTO `lstregion` (`sRegion_name`, `sRegion_code`, `dtEntered`,`nEnteredBy`,`dtUpdated`,`nUpdatedBy`) VALUES ('Druk Karche', 'KAR',now(),1,now(),1);
INSERT INTO `lstregion` (`sRegion_name`, `sRegion_code`, `dtEntered`,`nEnteredBy`,`dtUpdated`,`nUpdatedBy`) VALUES ('Druk Bhumthang', 'BUM',now(),1,now(),1);
INSERT INTO `lstregion` (`sRegion_name`, `sRegion_code`, `dtEntered`,`nEnteredBy`,`dtUpdated`,`nUpdatedBy`) VALUES ('Hongtsog', 'HNT',now(),1,now(),1);
INSERT INTO `lstregion` (`sRegion_name`, `sRegion_code`, `dtEntered`,`nEnteredBy`,`dtUpdated`,`nUpdatedBy`) VALUES ('Bodgar', 'BOD',now(),1,now(),1);
INSERT INTO `lstregion` (`sRegion_name`, `sRegion_code`, `dtEntered`,`nEnteredBy`,`dtUpdated`,`nUpdatedBy`) VALUES ('Jigmenang', 'JIG',now(),1,now(),1);
INSERT INTO `lstregion` (`sRegion_name`, `sRegion_code`, `dtEntered`,`nEnteredBy`,`dtUpdated`,`nUpdatedBy`) VALUES ('Khasaka', 'KHA',now(),1,now(),1);
INSERT INTO `lstregion` (`sRegion_name`, `sRegion_code`, `dtEntered`,`nEnteredBy`,`dtUpdated`,`nUpdatedBy`) VALUES ('Pado', 'PDO',now(),1,now(),1);
INSERT INTO `lstregion` (`sRegion_name`, `sRegion_code`, `dtEntered`,`nEnteredBy`,`dtUpdated`,`nUpdatedBy`) VALUES ('Thimphu', 'TMP',now(),1,now(),1);
INSERT INTO `lstregion` (`sRegion_name`, `sRegion_code`, `dtEntered`,`nEnteredBy`,`dtUpdated`,`nUpdatedBy`) VALUES ('Paljorling', 'PAL',now(),1,now(),1);
INSERT INTO `lstregion` (`sRegion_name`, `sRegion_code`, `dtEntered`,`nEnteredBy`,`dtUpdated`,`nUpdatedBy`) VALUES ('Tashi Jong', 'TJ',now(),1,now(),1);
INSERT INTO `lstregion` (`sRegion_name`, `sRegion_code`, `dtEntered`,`nEnteredBy`,`dtUpdated`,`nUpdatedBy`) VALUES ('Taiwan', 'TWI',now(),1,now(),1);
INSERT INTO `lstregion` (`sRegion_name`, `sRegion_code`, `dtEntered`,`nEnteredBy`,`dtUpdated`,`nUpdatedBy`) VALUES ('Austria', 'AT',now(),1,now(),1);
INSERT INTO `lstregion` (`sRegion_name`, `sRegion_code`, `dtEntered`,`nEnteredBy`,`dtUpdated`,`nUpdatedBy`) VALUES ('Barcelona', 'ESB',now(),1,now(),1);
INSERT INTO `lstregion` (`sRegion_name`, `sRegion_code`, `dtEntered`,`nEnteredBy`,`dtUpdated`,`nUpdatedBy`) VALUES ('Amsterdam', 'AMS',now(),1,now(),1);
INSERT INTO `lstregion` (`sRegion_name`, `sRegion_code`, `dtEntered`,`nEnteredBy`,`dtUpdated`,`nUpdatedBy`) VALUES ('Paris', 'PAR',now(),1,now(),1);
INSERT INTO `lstregion` (`sRegion_name`, `sRegion_code`, `dtEntered`,`nEnteredBy`,`dtUpdated`,`nUpdatedBy`) VALUES ('Mahe', 'MAHE',now(),1,now(),1);
INSERT INTO `lstregion` (`sRegion_name`, `sRegion_code`, `dtEntered`,`nEnteredBy`,`dtUpdated`,`nUpdatedBy`) VALUES ('Tokyo', 'TYO',now(),1,now(),1);
INSERT INTO `lstregion` (`sRegion_name`, `sRegion_code`, `dtEntered`,`nEnteredBy`,`dtUpdated`,`nUpdatedBy`) VALUES ('London', 'LON',now(),1,now(),1);
INSERT INTO `lstregion` (`sRegion_name`, `sRegion_code`, `dtEntered`,`nEnteredBy`,`dtUpdated`,`nUpdatedBy`) VALUES ('Milan', 'MI',now(),1,now(),1);
INSERT INTO `lstregion` (`sRegion_name`, `sRegion_code`, `dtEntered`,`nEnteredBy`,`dtUpdated`,`nUpdatedBy`) VALUES ('Washington DC', 'WDC',now(),1,now(),1);
INSERT INTO `lstregion` (`sRegion_name`, `sRegion_code`, `dtEntered`,`nEnteredBy`,`dtUpdated`,`nUpdatedBy`) VALUES ('Moscow', 'MOS',now(),1,now(),1);


CREATE TABLE `lstAuthRegion` (
  `ID` int(11) NOT NULL AUTO_INCREMENT,
  `sAuthRegion` text NOT NULL,
  `sCountryID` text NOT NULL,
  `sCurrencyCode` text DEFAULT NULL,
  `dtEntered` datetime DEFAULT NULL,
  `nEnteredBy` int(11) NOT NULL,
  `dtUpdated` datetime DEFAULT NULL,
  `nUpdatedBy` int(11) NOT NULL,
  PRIMARY KEY (`ID`)
) ENGINE=InnoDB AUTO_INCREMENT=1 DEFAULT CHARSET=latin1;

INSERT INTO `ctadb`.`lstauthregion` (`sAuthRegion`, `sCountryID`, `sCurrencyCode`, `dtEntered`,`nEnteredBy`,`dtUpdated`,`nUpdatedBy`) VALUES ('Aargau', 'CH',null,now(),1,now(),1);
INSERT INTO `ctadb`.`lstauthregion` (`sAuthRegion`, `sCountryID`, `sCurrencyCode`, `dtEntered`,`nEnteredBy`,`dtUpdated`,`nUpdatedBy`) VALUES ('Alberta', 'CA','USD',now(),1,now(),1);
INSERT INTO `ctadb`.`lstauthregion` (`sAuthRegion`, `sCountryID`, `sCurrencyCode`, `dtEntered`,`nEnteredBy`,`dtUpdated`,`nUpdatedBy`) VALUES ('Albuquerque', 'US','USD',now(),1,now(),1);
INSERT INTO `ctadb`.`lstauthregion` (`sAuthRegion`, `sCountryID`, `sCurrencyCode`, `dtEntered`,`nEnteredBy`,`dtUpdated`,`nUpdatedBy`) VALUES ('Atlanta', 'US','USD',now(),1,now(),1);
INSERT INTO `ctadb`.`lstauthregion` (`sAuthRegion`, `sCountryID`, `sCurrencyCode`, `dtEntered`,`nEnteredBy`,`dtUpdated`,`nUpdatedBy`) VALUES ('Austin', 'US','USD',now(),1,now(),1);
INSERT INTO `ctadb`.`lstauthregion` (`sAuthRegion`, `sCountryID`, `sCurrencyCode`, `dtEntered`,`nEnteredBy`,`dtUpdated`,`nUpdatedBy`) VALUES ('Australia', 'AU',null,now(),1,now(),1);
INSERT INTO `ctadb`.`lstauthregion` (`sAuthRegion`, `sCountryID`, `sCurrencyCode`, `dtEntered`,`nEnteredBy`,`dtUpdated`,`nUpdatedBy`) VALUES ('Bangalore', 'IN','INR',now(),1,now(),1);
INSERT INTO `ctadb`.`lstauthregion` (`sAuthRegion`, `sCountryID`, `sCurrencyCode`, `dtEntered`,`nEnteredBy`,`dtUpdated`,`nUpdatedBy`) VALUES ('Basel', 'CH',null,now(),1,now(),1);
INSERT INTO `ctadb`.`lstauthregion` (`sAuthRegion`, `sCountryID`, `sCurrencyCode`, `dtEntered`,`nEnteredBy`,`dtUpdated`,`nUpdatedBy`) VALUES ('Belgium', 'BE',null,now(),1,now(),1);
INSERT INTO `ctadb`.`lstauthregion` (`sAuthRegion`, `sCountryID`, `sCurrencyCode`, `dtEntered`,`nEnteredBy`,`dtUpdated`,`nUpdatedBy`) VALUES ('Bern', 'CH',null,now(),1,now(),1);
INSERT INTO `ctadb`.`lstauthregion` (`sAuthRegion`, `sCountryID`, `sCurrencyCode`, `dtEntered`,`nEnteredBy`,`dtUpdated`,`nUpdatedBy`) VALUES ('Bhandara', 'IN','INR',now(),1,now(),1);
INSERT INTO `ctadb`.`lstauthregion` (`sAuthRegion`, `sCountryID`, `sCurrencyCode`, `dtEntered`,`nEnteredBy`,`dtUpdated`,`nUpdatedBy`) VALUES ('Bhodgarnang', 'BT','INR',now(),1,now(),1);
INSERT INTO `ctadb`.`lstauthregion` (`sAuthRegion`, `sCountryID`, `sCurrencyCode`, `dtEntered`,`nEnteredBy`,`dtUpdated`,`nUpdatedBy`) VALUES ('Bhopal', 'IN','INR',now(),1,now(),1);
INSERT INTO `ctadb`.`lstauthregion` (`sAuthRegion`, `sCountryID`, `sCurrencyCode`, `dtEntered`,`nEnteredBy`,`dtUpdated`,`nUpdatedBy`) VALUES ('BTS, Bir', 'IN','INR',now(),1,now(),1);
INSERT INTO `ctadb`.`lstauthregion` (`sAuthRegion`, `sCountryID`, `sCurrencyCode`, `dtEntered`,`nEnteredBy`,`dtUpdated`,`nUpdatedBy`) VALUES ('Dege, Bir', 'IN','INR',now(),1,now(),1);
INSERT INTO `ctadb`.`lstauthregion` (`sAuthRegion`, `sCountryID`, `sCurrencyCode`, `dtEntered`,`nEnteredBy`,`dtUpdated`,`nUpdatedBy`) VALUES ('Bodh Gaya', 'IN','INR',now(),1,now(),1);
INSERT INTO `ctadb`.`lstauthregion` (`sAuthRegion`, `sCountryID`, `sCurrencyCode`, `dtEntered`,`nEnteredBy`,`dtUpdated`,`nUpdatedBy`) VALUES ('Bomdila', 'IN','INR',now(),1,now(),1);
INSERT INTO `ctadb`.`lstauthregion` (`sAuthRegion`, `sCountryID`, `sCurrencyCode`, `dtEntered`,`nEnteredBy`,`dtUpdated`,`nUpdatedBy`) VALUES ('Boston', 'US','USD',now(),1,now(),1);
INSERT INTO `ctadb`.`lstauthregion` (`sAuthRegion`, `sCountryID`, `sCurrencyCode`, `dtEntered`,`nEnteredBy`,`dtUpdated`,`nUpdatedBy`) VALUES ('Boudha', 'NP','INR',now(),1,now(),1);
INSERT INTO `ctadb`.`lstauthregion` (`sAuthRegion`, `sCountryID`, `sCurrencyCode`, `dtEntered`,`nEnteredBy`,`dtUpdated`,`nUpdatedBy`) VALUES ('Boulder', 'US','USD',now(),1,now(),1);
INSERT INTO `ctadb`.`lstauthregion` (`sAuthRegion`, `sCountryID`, `sCurrencyCode`, `dtEntered`,`nEnteredBy`,`dtUpdated`,`nUpdatedBy`) VALUES ('British Columbia', 'CA','USD',now(),1,now(),1);
INSERT INTO `ctadb`.`lstauthregion` (`sAuthRegion`, `sCountryID`, `sCurrencyCode`, `dtEntered`,`nEnteredBy`,`dtUpdated`,`nUpdatedBy`) VALUES ('Bumthang', 'BT','INR',now(),1,now(),1);
INSERT INTO `ctadb`.`lstauthregion` (`sAuthRegion`, `sCountryID`, `sCurrencyCode`, `dtEntered`,`nEnteredBy`,`dtUpdated`,`nUpdatedBy`) VALUES ('Chakrata', 'IN','INR',now(),1,now(),1);
INSERT INTO `ctadb`.`lstauthregion` (`sAuthRegion`, `sCountryID`, `sCurrencyCode`, `dtEntered`,`nEnteredBy`,`dtUpdated`,`nUpdatedBy`) VALUES ('Charlottesville', 'US','USD',now(),1,now(),1);
INSERT INTO `ctadb`.`lstauthregion` (`sAuthRegion`, `sCountryID`, `sCurrencyCode`, `dtEntered`,`nEnteredBy`,`dtUpdated`,`nUpdatedBy`) VALUES ('Chauntra', 'IN','INR',now(),1,now(),1);
INSERT INTO `ctadb`.`lstauthregion` (`sAuthRegion`, `sCountryID`, `sCurrencyCode`, `dtEntered`,`nEnteredBy`,`dtUpdated`,`nUpdatedBy`) VALUES ('Chicago', 'US','USD',now(),1,now(),1);
INSERT INTO `ctadb`.`lstauthregion` (`sAuthRegion`, `sCountryID`, `sCurrencyCode`, `dtEntered`,`nEnteredBy`,`dtUpdated`,`nUpdatedBy`) VALUES ('Clement Town', 'IN','INR',now(),1,now(),1);
INSERT INTO `ctadb`.`lstauthregion` (`sAuthRegion`, `sCountryID`, `sCurrencyCode`, `dtEntered`,`nEnteredBy`,`dtUpdated`,`nUpdatedBy`) VALUES ('Colorado', 'US','USD',now(),1,now(),1);
INSERT INTO `ctadb`.`lstauthregion` (`sAuthRegion`, `sCountryID`, `sCurrencyCode`, `dtEntered`,`nEnteredBy`,`dtUpdated`,`nUpdatedBy`) VALUES ('Connecticut', 'US','USD',now(),1,now(),1);
INSERT INTO `ctadb`.`lstauthregion` (`sAuthRegion`, `sCountryID`, `sCurrencyCode`, `dtEntered`,`nEnteredBy`,`dtUpdated`,`nUpdatedBy`) VALUES ('Dalhousie', 'IN','INR',now(),1,now(),1);
INSERT INTO `ctadb`.`lstauthregion` (`sAuthRegion`, `sCountryID`, `sCurrencyCode`, `dtEntered`,`nEnteredBy`,`dtUpdated`,`nUpdatedBy`) VALUES ('Darjeeling', 'IN','INR',now(),1,now(),1);
INSERT INTO `ctadb`.`lstauthregion` (`sAuthRegion`, `sCountryID`, `sCurrencyCode`, `dtEntered`,`nEnteredBy`,`dtUpdated`,`nUpdatedBy`) VALUES ('Dekyiling', 'IN','INR',now(),1,now(),1);
INSERT INTO `ctadb`.`lstauthregion` (`sAuthRegion`, `sCountryID`, `sCurrencyCode`, `dtEntered`,`nEnteredBy`,`dtUpdated`,`nUpdatedBy`) VALUES ('Delhi', 'IN','INR',now(),1,now(),1);
INSERT INTO `ctadb`.`lstauthregion` (`sAuthRegion`, `sCountryID`, `sCurrencyCode`, `dtEntered`,`nEnteredBy`,`dtUpdated`,`nUpdatedBy`) VALUES ('Deutschland', 'DE',null,now(),1,now(),1);
INSERT INTO `ctadb`.`lstauthregion` (`sAuthRegion`, `sCountryID`, `sCurrencyCode`, `dtEntered`,`nEnteredBy`,`dtUpdated`,`nUpdatedBy`) VALUES ('Dharamsala', 'IN','INR',now(),1,now(),1);
INSERT INTO `ctadb`.`lstauthregion` (`sAuthRegion`, `sCountryID`, `sCurrencyCode`, `dtEntered`,`nEnteredBy`,`dtUpdated`,`nUpdatedBy`) VALUES ('Dhorpatan', 'NP','INR',now(),1,now(),1);
INSERT INTO `ctadb`.`lstauthregion` (`sAuthRegion`, `sCountryID`, `sCurrencyCode`, `dtEntered`,`nEnteredBy`,`dtUpdated`,`nUpdatedBy`) VALUES ('Dickey Larsoe, Bylakuppe', 'IN','INR',now(),1,now(),1);
INSERT INTO `ctadb`.`lstauthregion` (`sAuthRegion`, `sCountryID`, `sCurrencyCode`, `dtEntered`,`nEnteredBy`,`dtUpdated`,`nUpdatedBy`) VALUES ('Dimapur', 'IN','INR',now(),1,now(),1);
INSERT INTO `ctadb`.`lstauthregion` (`sAuthRegion`, `sCountryID`, `sCurrencyCode`, `dtEntered`,`nEnteredBy`,`dtUpdated`,`nUpdatedBy`) VALUES ('Dolanji', 'IN','INR',now(),1,now(),1);
INSERT INTO `ctadb`.`lstauthregion` (`sAuthRegion`, `sCountryID`, `sCurrencyCode`, `dtEntered`,`nEnteredBy`,`dtUpdated`,`nUpdatedBy`) VALUES ('Flawil', 'CH',null,now(),1,now(),1);
INSERT INTO `ctadb`.`lstauthregion` (`sAuthRegion`, `sCountryID`, `sCurrencyCode`, `dtEntered`,`nEnteredBy`,`dtUpdated`,`nUpdatedBy`) VALUES ('Gangtok', 'IN','INR',now(),1,now(),1);
INSERT INTO `ctadb`.`lstauthregion` (`sAuthRegion`, `sCountryID`, `sCurrencyCode`, `dtEntered`,`nEnteredBy`,`dtUpdated`,`nUpdatedBy`) VALUES ('Geneva', 'CH',null,now(),1,now(),1);
INSERT INTO `ctadb`.`lstauthregion` (`sAuthRegion`, `sCountryID`, `sCurrencyCode`, `dtEntered`,`nEnteredBy`,`dtUpdated`,`nUpdatedBy`) VALUES ('Glarus', 'CH',null,now(),1,now(),1);
INSERT INTO `ctadb`.`lstauthregion` (`sAuthRegion`, `sCountryID`, `sCurrencyCode`, `dtEntered`,`nEnteredBy`,`dtUpdated`,`nUpdatedBy`) VALUES ('Herbertpur', 'IN','INR',now(),1,now(),1);
INSERT INTO `ctadb`.`lstauthregion` (`sAuthRegion`, `sCountryID`, `sCurrencyCode`, `dtEntered`,`nEnteredBy`,`dtUpdated`,`nUpdatedBy`) VALUES ('Hongtso', 'BT','INR',now(),1,now(),1);
INSERT INTO `ctadb`.`lstauthregion` (`sAuthRegion`, `sCountryID`, `sCurrencyCode`, `dtEntered`,`nEnteredBy`,`dtUpdated`,`nUpdatedBy`) VALUES ('Horgen', 'CH',null,now(),1,now(),1);
INSERT INTO `ctadb`.`lstauthregion` (`sAuthRegion`, `sCountryID`, `sCurrencyCode`, `dtEntered`,`nEnteredBy`,`dtUpdated`,`nUpdatedBy`) VALUES ('Hungary', 'HU',null,now(),1,now(),1);
INSERT INTO `ctadb`.`lstauthregion` (`sAuthRegion`, `sCountryID`, `sCurrencyCode`, `dtEntered`,`nEnteredBy`,`dtUpdated`,`nUpdatedBy`) VALUES ('Hunsur', 'IN','INR',now(),1,now(),1);
INSERT INTO `ctadb`.`lstauthregion` (`sAuthRegion`, `sCountryID`, `sCurrencyCode`, `dtEntered`,`nEnteredBy`,`dtUpdated`,`nUpdatedBy`) VALUES ('Idaho', 'US','USD',now(),1,now(),1);
INSERT INTO `ctadb`.`lstauthregion` (`sAuthRegion`, `sCountryID`, `sCurrencyCode`, `dtEntered`,`nEnteredBy`,`dtUpdated`,`nUpdatedBy`) VALUES ('Italy', 'IT',null,now(),1,now(),1);
INSERT INTO `ctadb`.`lstauthregion` (`sAuthRegion`, `sCountryID`, `sCurrencyCode`, `dtEntered`,`nEnteredBy`,`dtUpdated`,`nUpdatedBy`) VALUES ('Ithaca', 'US','USD',now(),1,now(),1);
INSERT INTO `ctadb`.`lstauthregion` (`sAuthRegion`, `sCountryID`, `sCurrencyCode`, `dtEntered`,`nEnteredBy`,`dtUpdated`,`nUpdatedBy`) VALUES ('Jaigaon', 'IN','INR',now(),1,now(),1);
INSERT INTO `ctadb`.`lstauthregion` (`sAuthRegion`, `sCountryID`, `sCurrencyCode`, `dtEntered`,`nEnteredBy`,`dtUpdated`,`nUpdatedBy`) VALUES ('Jalpaiguri', 'IN','INR',now(),1,now(),1);
INSERT INTO `ctadb`.`lstauthregion` (`sAuthRegion`, `sCountryID`, `sCurrencyCode`, `dtEntered`,`nEnteredBy`,`dtUpdated`,`nUpdatedBy`) VALUES ('Jampaling', 'NP','INR',now(),1,now(),1);
INSERT INTO `ctadb`.`lstauthregion` (`sAuthRegion`, `sCountryID`, `sCurrencyCode`, `dtEntered`,`nEnteredBy`,`dtUpdated`,`nUpdatedBy`) VALUES ('Jawalakhel', 'NP','INR',now(),1,now(),1);
INSERT INTO `ctadb`.`lstauthregion` (`sAuthRegion`, `sCountryID`, `sCurrencyCode`, `dtEntered`,`nEnteredBy`,`dtUpdated`,`nUpdatedBy`) VALUES ('Jigmenang', 'BT','INR',now(),1,now(),1);
INSERT INTO `ctadb`.`lstauthregion` (`sAuthRegion`, `sCountryID`, `sCurrencyCode`, `dtEntered`,`nEnteredBy`,`dtUpdated`,`nUpdatedBy`) VALUES ('jorpati', 'NP','INR',now(),1,now(),1);
INSERT INTO `ctadb`.`lstauthregion` (`sAuthRegion`, `sCountryID`, `sCurrencyCode`, `dtEntered`,`nEnteredBy`,`dtUpdated`,`nUpdatedBy`) VALUES ('Kalimpong', 'IN','INR',now(),1,now(),1);
INSERT INTO `ctadb`.`lstauthregion` (`sAuthRegion`, `sCountryID`, `sCurrencyCode`, `dtEntered`,`nEnteredBy`,`dtUpdated`,`nUpdatedBy`) VALUES ('Kamrao', 'IN','INR',now(),1,now(),1);
INSERT INTO `ctadb`.`lstauthregion` (`sAuthRegion`, `sCountryID`, `sCurrencyCode`, `dtEntered`,`nEnteredBy`,`dtUpdated`,`nUpdatedBy`) VALUES ('karche', 'BT','INR',now(),1,now(),1);
INSERT INTO `ctadb`.`lstauthregion` (`sAuthRegion`, `sCountryID`, `sCurrencyCode`, `dtEntered`,`nEnteredBy`,`dtUpdated`,`nUpdatedBy`) VALUES ('Kathmandu City', 'NP','INR',now(),1,now(),1);
INSERT INTO `ctadb`.`lstauthregion` (`sAuthRegion`, `sCountryID`, `sCurrencyCode`, `dtEntered`,`nEnteredBy`,`dtUpdated`,`nUpdatedBy`) VALUES ('Khasakha', 'BT','INR',now(),1,now(),1);
INSERT INTO `ctadb`.`lstauthregion` (`sAuthRegion`, `sCountryID`, `sCurrencyCode`, `dtEntered`,`nEnteredBy`,`dtUpdated`,`nUpdatedBy`) VALUES ('Kolkata', 'IN','INR',now(),1,now(),1);
INSERT INTO `ctadb`.`lstauthregion` (`sAuthRegion`, `sCountryID`, `sCurrencyCode`, `dtEntered`,`nEnteredBy`,`dtUpdated`,`nUpdatedBy`) VALUES ('Kollegal', 'IN','INR',now(),1,now(),1);
INSERT INTO `ctadb`.`lstauthregion` (`sAuthRegion`, `sCountryID`, `sCurrencyCode`, `dtEntered`,`nEnteredBy`,`dtUpdated`,`nUpdatedBy`) VALUES ('Kullu Manali', 'IN','INR',now(),1,now(),1);
INSERT INTO `ctadb`.`lstauthregion` (`sAuthRegion`, `sCountryID`, `sCurrencyCode`, `dtEntered`,`nEnteredBy`,`dtUpdated`,`nUpdatedBy`) VALUES ('Ladakh Jangthang', 'IN','INR',now(),1,now(),1);
INSERT INTO `ctadb`.`lstauthregion` (`sAuthRegion`, `sCountryID`, `sCurrencyCode`, `dtEntered`,`nEnteredBy`,`dtUpdated`,`nUpdatedBy`) VALUES ('Landquart', 'CH',null,now(),1,now(),1);
INSERT INTO `ctadb`.`lstauthregion` (`sAuthRegion`, `sCountryID`, `sCurrencyCode`, `dtEntered`,`nEnteredBy`,`dtUpdated`,`nUpdatedBy`) VALUES ('Leh', 'IN','INR',now(),1,now(),1);
INSERT INTO `ctadb`.`lstauthregion` (`sAuthRegion`, `sCountryID`, `sCurrencyCode`, `dtEntered`,`nEnteredBy`,`dtUpdated`,`nUpdatedBy`) VALUES ('Liechtenstein', 'LI',null,now(),1,now(),1);
INSERT INTO `ctadb`.`lstauthregion` (`sAuthRegion`, `sCountryID`, `sCurrencyCode`, `dtEntered`,`nEnteredBy`,`dtUpdated`,`nUpdatedBy`) VALUES ('Lindsay', 'CA','USD',now(),1,now(),1);
INSERT INTO `ctadb`.`lstauthregion` (`sAuthRegion`, `sCountryID`, `sCurrencyCode`, `dtEntered`,`nEnteredBy`,`dtUpdated`,`nUpdatedBy`) VALUES ('London', 'GB',null,now(),1,now(),1);
INSERT INTO `ctadb`.`lstauthregion` (`sAuthRegion`, `sCountryID`, `sCurrencyCode`, `dtEntered`,`nEnteredBy`,`dtUpdated`,`nUpdatedBy`) VALUES ('Lotserok', 'NP','INR',now(),1,now(),1);
INSERT INTO `ctadb`.`lstauthregion` (`sAuthRegion`, `sCountryID`, `sCurrencyCode`, `dtEntered`,`nEnteredBy`,`dtUpdated`,`nUpdatedBy`) VALUES ('Lugsam, Bylakuppe', 'IN','INR',now(),1,now(),1);
INSERT INTO `ctadb`.`lstauthregion` (`sAuthRegion`, `sCountryID`, `sCurrencyCode`, `dtEntered`,`nEnteredBy`,`dtUpdated`,`nUpdatedBy`) VALUES ('Luzern', 'CH',null,now(),1,now(),1);
INSERT INTO `ctadb`.`lstauthregion` (`sAuthRegion`, `sCountryID`, `sCurrencyCode`, `dtEntered`,`nEnteredBy`,`dtUpdated`,`nUpdatedBy`) VALUES ('Madison', 'US','USD',now(),1,now(),1);
INSERT INTO `ctadb`.`lstauthregion` (`sAuthRegion`, `sCountryID`, `sCurrencyCode`, `dtEntered`,`nEnteredBy`,`dtUpdated`,`nUpdatedBy`) VALUES ('Maine', 'US','USD',now(),1,now(),1);
INSERT INTO `ctadb`.`lstauthregion` (`sAuthRegion`, `sCountryID`, `sCurrencyCode`, `dtEntered`,`nEnteredBy`,`dtUpdated`,`nUpdatedBy`) VALUES ('Mainpat', 'IN','INR',now(),1,now(),1);
INSERT INTO `ctadb`.`lstauthregion` (`sAuthRegion`, `sCountryID`, `sCurrencyCode`, `dtEntered`,`nEnteredBy`,`dtUpdated`,`nUpdatedBy`) VALUES ('Manang', 'NP','INR',now(),1,now(),1);
INSERT INTO `ctadb`.`lstauthregion` (`sAuthRegion`, `sCountryID`, `sCurrencyCode`, `dtEntered`,`nEnteredBy`,`dtUpdated`,`nUpdatedBy`) VALUES ('Mandu Wala', 'IN','INR',now(),1,now(),1);
INSERT INTO `ctadb`.`lstauthregion` (`sAuthRegion`, `sCountryID`, `sCurrencyCode`, `dtEntered`,`nEnteredBy`,`dtUpdated`,`nUpdatedBy`) VALUES ('Massachusetts', 'US','USD',now(),1,now(),1);
INSERT INTO `ctadb`.`lstauthregion` (`sAuthRegion`, `sCountryID`, `sCurrencyCode`, `dtEntered`,`nEnteredBy`,`dtUpdated`,`nUpdatedBy`) VALUES ('Miao', 'IN','INR',now(),1,now(),1);
INSERT INTO `ctadb`.`lstauthregion` (`sAuthRegion`, `sCountryID`, `sCurrencyCode`, `dtEntered`,`nEnteredBy`,`dtUpdated`,`nUpdatedBy`) VALUES ('Michigan', 'US','USD',now(),1,now(),1);
INSERT INTO `ctadb`.`lstauthregion` (`sAuthRegion`, `sCountryID`, `sCurrencyCode`, `dtEntered`,`nEnteredBy`,`dtUpdated`,`nUpdatedBy`) VALUES ('Minnesota', 'US','USD',now(),1,now(),1);
INSERT INTO `ctadb`.`lstauthregion` (`sAuthRegion`, `sCountryID`, `sCurrencyCode`, `dtEntered`,`nEnteredBy`,`dtUpdated`,`nUpdatedBy`) VALUES ('Missoula', 'US','USD',now(),1,now(),1);
INSERT INTO `ctadb`.`lstauthregion` (`sAuthRegion`, `sCountryID`, `sCurrencyCode`, `dtEntered`,`nEnteredBy`,`dtUpdated`,`nUpdatedBy`) VALUES ('Montana', 'US','USD',now(),1,now(),1);
INSERT INTO `ctadb`.`lstauthregion` (`sAuthRegion`, `sCountryID`, `sCurrencyCode`, `dtEntered`,`nEnteredBy`,`dtUpdated`,`nUpdatedBy`) VALUES ('Moscow', 'RU',null,now(),1,now(),1);
INSERT INTO `ctadb`.`lstauthregion` (`sAuthRegion`, `sCountryID`, `sCurrencyCode`, `dtEntered`,`nEnteredBy`,`dtUpdated`,`nUpdatedBy`) VALUES ('Muenchwilen', 'CH',null,now(),1,now(),1);
INSERT INTO `ctadb`.`lstauthregion` (`sAuthRegion`, `sCountryID`, `sCurrencyCode`, `dtEntered`,`nEnteredBy`,`dtUpdated`,`nUpdatedBy`) VALUES ('Mundgod', 'IN','INR',now(),1,now(),1);
INSERT INTO `ctadb`.`lstauthregion` (`sAuthRegion`, `sCountryID`, `sCurrencyCode`, `dtEntered`,`nEnteredBy`,`dtUpdated`,`nUpdatedBy`) VALUES ('Mussoorie', 'IN','INR',now(),1,now(),1);
INSERT INTO `ctadb`.`lstauthregion` (`sAuthRegion`, `sCountryID`, `sCurrencyCode`, `dtEntered`,`nEnteredBy`,`dtUpdated`,`nUpdatedBy`) VALUES ('Nainital', 'IN','INR',now(),1,now(),1);
INSERT INTO `ctadb`.`lstauthregion` (`sAuthRegion`, `sCountryID`, `sCurrencyCode`, `dtEntered`,`nEnteredBy`,`dtUpdated`,`nUpdatedBy`) VALUES ('New York & New Jersey', 'US','USD',now(),1,now(),1);
INSERT INTO `ctadb`.`lstauthregion` (`sAuthRegion`, `sCountryID`, `sCurrencyCode`, `dtEntered`,`nEnteredBy`,`dtUpdated`,`nUpdatedBy`) VALUES ('North California', 'US','USD',now(),1,now(),1);
INSERT INTO `ctadb`.`lstauthregion` (`sAuthRegion`, `sCountryID`, `sCurrencyCode`, `dtEntered`,`nEnteredBy`,`dtUpdated`,`nUpdatedBy`) VALUES ('Nubri', 'NP','INR',now(),1,now(),1);
INSERT INTO `ctadb`.`lstauthregion` (`sAuthRegion`, `sCountryID`, `sCurrencyCode`, `dtEntered`,`nEnteredBy`,`dtUpdated`,`nUpdatedBy`) VALUES ('Oetwil', 'CH',null,now(),1,now(),1);
INSERT INTO `ctadb`.`lstauthregion` (`sAuthRegion`, `sCountryID`, `sCurrencyCode`, `dtEntered`,`nEnteredBy`,`dtUpdated`,`nUpdatedBy`) VALUES ('Ontario', 'CA','USD',now(),1,now(),1);
INSERT INTO `ctadb`.`lstauthregion` (`sAuthRegion`, `sCountryID`, `sCurrencyCode`, `dtEntered`,`nEnteredBy`,`dtUpdated`,`nUpdatedBy`) VALUES ('Odisha', 'IN','INR',now(),1,now(),1);
INSERT INTO `ctadb`.`lstauthregion` (`sAuthRegion`, `sCountryID`, `sCurrencyCode`, `dtEntered`,`nEnteredBy`,`dtUpdated`,`nUpdatedBy`) VALUES ('Pado', 'BT','INR',now(),1,now(),1);
INSERT INTO `ctadb`.`lstauthregion` (`sAuthRegion`, `sCountryID`, `sCurrencyCode`, `dtEntered`,`nEnteredBy`,`dtUpdated`,`nUpdatedBy`) VALUES ('Paljorling', 'NP','INR',now(),1,now(),1);
INSERT INTO `ctadb`.`lstauthregion` (`sAuthRegion`, `sCountryID`, `sCurrencyCode`, `dtEntered`,`nEnteredBy`,`dtUpdated`,`nUpdatedBy`) VALUES ('Pandoh', 'IN','INR',now(),1,now(),1);
INSERT INTO `ctadb`.`lstauthregion` (`sAuthRegion`, `sCountryID`, `sCurrencyCode`, `dtEntered`,`nEnteredBy`,`dtUpdated`,`nUpdatedBy`) VALUES ('Paonta Sahib', 'IN','INR',now(),1,now(),1);
INSERT INTO `ctadb`.`lstauthregion` (`sAuthRegion`, `sCountryID`, `sCurrencyCode`, `dtEntered`,`nEnteredBy`,`dtUpdated`,`nUpdatedBy`) VALUES ('Paris', 'FR',null,now(),1,now(),1);
INSERT INTO `ctadb`.`lstauthregion` (`sAuthRegion`, `sCountryID`, `sCurrencyCode`, `dtEntered`,`nEnteredBy`,`dtUpdated`,`nUpdatedBy`) VALUES ('Pema Tsal', 'NP','INR',now(),1,now(),1);
INSERT INTO `ctadb`.`lstauthregion` (`sAuthRegion`, `sCountryID`, `sCurrencyCode`, `dtEntered`,`nEnteredBy`,`dtUpdated`,`nUpdatedBy`) VALUES ('Pennsylvania', 'US','USD',now(),1,now(),1);
INSERT INTO `ctadb`.`lstauthregion` (`sAuthRegion`, `sCountryID`, `sCurrencyCode`, `dtEntered`,`nEnteredBy`,`dtUpdated`,`nUpdatedBy`) VALUES ('Philadelphia', 'US','USD',now(),1,now(),1);
INSERT INTO `ctadb`.`lstauthregion` (`sAuthRegion`, `sCountryID`, `sCurrencyCode`, `dtEntered`,`nEnteredBy`,`dtUpdated`,`nUpdatedBy`) VALUES ('Poland', 'PL',null,now(),1,now(),1);
INSERT INTO `ctadb`.`lstauthregion` (`sAuthRegion`, `sCountryID`, `sCurrencyCode`, `dtEntered`,`nEnteredBy`,`dtUpdated`,`nUpdatedBy`) VALUES ('Portland', 'US','USD',now(),1,now(),1);
INSERT INTO `ctadb`.`lstauthregion` (`sAuthRegion`, `sCountryID`, `sCurrencyCode`, `dtEntered`,`nEnteredBy`,`dtUpdated`,`nUpdatedBy`) VALUES ('Pretoria', 'ZA',null,now(),1,now(),1);
INSERT INTO `ctadb`.`lstauthregion` (`sAuthRegion`, `sCountryID`, `sCurrencyCode`, `dtEntered`,`nEnteredBy`,`dtUpdated`,`nUpdatedBy`) VALUES ('Puruwala', 'IN','INR',now(),1,now(),1);
INSERT INTO `ctadb`.`lstauthregion` (`sAuthRegion`, `sCountryID`, `sCurrencyCode`, `dtEntered`,`nEnteredBy`,`dtUpdated`,`nUpdatedBy`) VALUES ('Quebec', 'CA','USD',now(),1,now(),1);
INSERT INTO `ctadb`.`lstauthregion` (`sAuthRegion`, `sCountryID`, `sCurrencyCode`, `dtEntered`,`nEnteredBy`,`dtUpdated`,`nUpdatedBy`) VALUES ('Rajpur', 'IN','INR',now(),1,now(),1);
INSERT INTO `ctadb`.`lstauthregion` (`sAuthRegion`, `sCountryID`, `sCurrencyCode`, `dtEntered`,`nEnteredBy`,`dtUpdated`,`nUpdatedBy`) VALUES ('Rapperswil & Jona', 'CH',null,now(),1,now(),1);
INSERT INTO `ctadb`.`lstauthregion` (`sAuthRegion`, `sCountryID`, `sCurrencyCode`, `dtEntered`,`nEnteredBy`,`dtUpdated`,`nUpdatedBy`) VALUES ('So Wa Ra', 'NP','INR',now(),1,now(),1);
INSERT INTO `ctadb`.`lstauthregion` (`sAuthRegion`, `sCountryID`, `sCurrencyCode`, `dtEntered`,`nEnteredBy`,`dtUpdated`,`nUpdatedBy`) VALUES ('Ravangla', 'IN','INR',now(),1,now(),1);
INSERT INTO `ctadb`.`lstauthregion` (`sAuthRegion`, `sCountryID`, `sCurrencyCode`, `dtEntered`,`nEnteredBy`,`dtUpdated`,`nUpdatedBy`) VALUES ('Rikon', 'CH',null,now(),1,now(),1);
INSERT INTO `ctadb`.`lstauthregion` (`sAuthRegion`, `sCountryID`, `sCurrencyCode`, `dtEntered`,`nEnteredBy`,`dtUpdated`,`nUpdatedBy`) VALUES ('Rongshar', 'NP','INR',now(),1,now(),1);
INSERT INTO `ctadb`.`lstauthregion` (`sAuthRegion`, `sCountryID`, `sCurrencyCode`, `dtEntered`,`nEnteredBy`,`dtUpdated`,`nUpdatedBy`) VALUES ('Ruti', 'CH',null,now(),1,now(),1);
INSERT INTO `ctadb`.`lstauthregion` (`sAuthRegion`, `sCountryID`, `sCurrencyCode`, `dtEntered`,`nEnteredBy`,`dtUpdated`,`nUpdatedBy`) VALUES ('Saharanpur', 'IN','INR',now(),1,now(),1);
INSERT INTO `ctadb`.`lstauthregion` (`sAuthRegion`, `sCountryID`, `sCurrencyCode`, `dtEntered`,`nEnteredBy`,`dtUpdated`,`nUpdatedBy`) VALUES ('Salt Lake City', 'US','USD',now(),1,now(),1);
INSERT INTO `ctadb`.`lstauthregion` (`sAuthRegion`, `sCountryID`, `sCurrencyCode`, `dtEntered`,`nEnteredBy`,`dtUpdated`,`nUpdatedBy`) VALUES ('Salugara', 'IN','INR',now(),1,now(),1);
INSERT INTO `ctadb`.`lstauthregion` (`sAuthRegion`, `sCountryID`, `sCurrencyCode`, `dtEntered`,`nEnteredBy`,`dtUpdated`,`nUpdatedBy`) VALUES ('Santa Fe', 'US','USD',now(),1,now(),1);
INSERT INTO `ctadb`.`lstauthregion` (`sAuthRegion`, `sCountryID`, `sCurrencyCode`, `dtEntered`,`nEnteredBy`,`dtUpdated`,`nUpdatedBy`) VALUES ('Sataun', 'IN','INR',now(),1,now(),1);
INSERT INTO `ctadb`.`lstauthregion` (`sAuthRegion`, `sCountryID`, `sCurrencyCode`, `dtEntered`,`nEnteredBy`,`dtUpdated`,`nUpdatedBy`) VALUES ('Schaffhausen', 'CH',null,now(),1,now(),1);
INSERT INTO `ctadb`.`lstauthregion` (`sAuthRegion`, `sCountryID`, `sCurrencyCode`, `dtEntered`,`nEnteredBy`,`dtUpdated`,`nUpdatedBy`) VALUES ('Seattle', 'US','USD',now(),1,now(),1);
INSERT INTO `ctadb`.`lstauthregion` (`sAuthRegion`, `sCountryID`, `sCurrencyCode`, `dtEntered`,`nEnteredBy`,`dtUpdated`,`nUpdatedBy`) VALUES ('Shillong', 'IN','INR',now(),1,now(),1);
INSERT INTO `ctadb`.`lstauthregion` (`sAuthRegion`, `sCountryID`, `sCurrencyCode`, `dtEntered`,`nEnteredBy`,`dtUpdated`,`nUpdatedBy`) VALUES ('Shimla', 'IN','INR',now(),1,now(),1);
INSERT INTO `ctadb`.`lstauthregion` (`sAuthRegion`, `sCountryID`, `sCurrencyCode`, `dtEntered`,`nEnteredBy`,`dtUpdated`,`nUpdatedBy`) VALUES ('Solothurn', 'CH',null,now(),1,now(),1);
INSERT INTO `ctadb`.`lstauthregion` (`sAuthRegion`, `sCountryID`, `sCurrencyCode`, `dtEntered`,`nEnteredBy`,`dtUpdated`,`nUpdatedBy`) VALUES ('Solu Khumbu', 'NP','INR',now(),1,now(),1);
INSERT INTO `ctadb`.`lstauthregion` (`sAuthRegion`, `sCountryID`, `sCurrencyCode`, `dtEntered`,`nEnteredBy`,`dtUpdated`,`nUpdatedBy`) VALUES ('Sonada', 'IN','INR',now(),1,now(),1);
INSERT INTO `ctadb`.`lstauthregion` (`sAuthRegion`, `sCountryID`, `sCurrencyCode`, `dtEntered`,`nEnteredBy`,`dtUpdated`,`nUpdatedBy`) VALUES ('Srinagar', 'IN','INR',now(),1,now(),1);
INSERT INTO `ctadb`.`lstauthregion` (`sAuthRegion`, `sCountryID`, `sCurrencyCode`, `dtEntered`,`nEnteredBy`,`dtUpdated`,`nUpdatedBy`) VALUES ('Swayambhu', 'NP','INR',now(),1,now(),1);
INSERT INTO `ctadb`.`lstauthregion` (`sAuthRegion`, `sCountryID`, `sCurrencyCode`, `dtEntered`,`nEnteredBy`,`dtUpdated`,`nUpdatedBy`) VALUES ('Switzerland', 'CH',null,now(),1,now(),1);
INSERT INTO `ctadb`.`lstauthregion` (`sAuthRegion`, `sCountryID`, `sCurrencyCode`, `dtEntered`,`nEnteredBy`,`dtUpdated`,`nUpdatedBy`) VALUES ('Taiwan', 'TW',null,now(),1,now(),1);
INSERT INTO `ctadb`.`lstauthregion` (`sAuthRegion`, `sCountryID`, `sCurrencyCode`, `dtEntered`,`nEnteredBy`,`dtUpdated`,`nUpdatedBy`) VALUES ('Tashi Gang', 'NP','INR',now(),1,now(),1);
INSERT INTO `ctadb`.`lstauthregion` (`sAuthRegion`, `sCountryID`, `sCurrencyCode`, `dtEntered`,`nEnteredBy`,`dtUpdated`,`nUpdatedBy`) VALUES ('Tashi Jong', 'IN','INR',now(),1,now(),1);
INSERT INTO `ctadb`.`lstauthregion` (`sAuthRegion`, `sCountryID`, `sCurrencyCode`, `dtEntered`,`nEnteredBy`,`dtUpdated`,`nUpdatedBy`) VALUES ('Tashi Ling', 'NP','INR',now(),1,now(),1);
INSERT INTO `ctadb`.`lstauthregion` (`sAuthRegion`, `sCountryID`, `sCurrencyCode`, `dtEntered`,`nEnteredBy`,`dtUpdated`,`nUpdatedBy`) VALUES ('Tashi Palkhiel', 'NP','INR',now(),1,now(),1);
INSERT INTO `ctadb`.`lstauthregion` (`sAuthRegion`, `sCountryID`, `sCurrencyCode`, `dtEntered`,`nEnteredBy`,`dtUpdated`,`nUpdatedBy`) VALUES ('Tenzin Gang', 'IN','INR',now(),1,now(),1);
INSERT INTO `ctadb`.`lstauthregion` (`sAuthRegion`, `sCountryID`, `sCurrencyCode`, `dtEntered`,`nEnteredBy`,`dtUpdated`,`nUpdatedBy`) VALUES ('Texas', 'US','USD',now(),1,now(),1);
INSERT INTO `ctadb`.`lstauthregion` (`sAuthRegion`, `sCountryID`, `sCurrencyCode`, `dtEntered`,`nEnteredBy`,`dtUpdated`,`nUpdatedBy`) VALUES ('Tezu', 'IN','INR',now(),1,now(),1);
INSERT INTO `ctadb`.`lstauthregion` (`sAuthRegion`, `sCountryID`, `sCurrencyCode`, `dtEntered`,`nEnteredBy`,`dtUpdated`,`nUpdatedBy`) VALUES ('Thimphu', 'BT','INR',now(),1,now(),1);
INSERT INTO `ctadb`.`lstauthregion` (`sAuthRegion`, `sCountryID`, `sCurrencyCode`, `dtEntered`,`nEnteredBy`,`dtUpdated`,`nUpdatedBy`) VALUES ('Tokyo', 'JP',null,now(),1,now(),1);
INSERT INTO `ctadb`.`lstauthregion` (`sAuthRegion`, `sCountryID`, `sCurrencyCode`, `dtEntered`,`nEnteredBy`,`dtUpdated`,`nUpdatedBy`) VALUES ('Toronto', 'CA','USD',now(),1,now(),1);
INSERT INTO `ctadb`.`lstauthregion` (`sAuthRegion`, `sCountryID`, `sCurrencyCode`, `dtEntered`,`nEnteredBy`,`dtUpdated`,`nUpdatedBy`) VALUES ('Tuggen', 'CH',null,now(),1,now(),1);
INSERT INTO `ctadb`.`lstauthregion` (`sAuthRegion`, `sCountryID`, `sCurrencyCode`, `dtEntered`,`nEnteredBy`,`dtUpdated`,`nUpdatedBy`) VALUES ('Turbenthal', 'CH',null,now(),1,now(),1);
INSERT INTO `ctadb`.`lstauthregion` (`sAuthRegion`, `sCountryID`, `sCurrencyCode`, `dtEntered`,`nEnteredBy`,`dtUpdated`,`nUpdatedBy`) VALUES ('Tuting', 'IN','INR',now(),1,now(),1);
INSERT INTO `ctadb`.`lstauthregion` (`sAuthRegion`, `sCountryID`, `sCurrencyCode`, `dtEntered`,`nEnteredBy`,`dtUpdated`,`nUpdatedBy`) VALUES ('Utah', 'US','USD',now(),1,now(),1);
INSERT INTO `ctadb`.`lstauthregion` (`sAuthRegion`, `sCountryID`, `sCurrencyCode`, `dtEntered`,`nEnteredBy`,`dtUpdated`,`nUpdatedBy`) VALUES ('Uznach', 'CH',null,now(),1,now(),1);
INSERT INTO `ctadb`.`lstauthregion` (`sAuthRegion`, `sCountryID`, `sCurrencyCode`, `dtEntered`,`nEnteredBy`,`dtUpdated`,`nUpdatedBy`) VALUES ('Varanasi', 'IN','INR',now(),1,now(),1);
INSERT INTO `ctadb`.`lstauthregion` (`sAuthRegion`, `sCountryID`, `sCurrencyCode`, `dtEntered`,`nEnteredBy`,`dtUpdated`,`nUpdatedBy`) VALUES ('Vermont', 'US','USD',now(),1,now(),1);
INSERT INTO `ctadb`.`lstauthregion` (`sAuthRegion`, `sCountryID`, `sCurrencyCode`, `dtEntered`,`nEnteredBy`,`dtUpdated`,`nUpdatedBy`) VALUES ('Virginia', 'US','USD',now(),1,now(),1);
INSERT INTO `ctadb`.`lstauthregion` (`sAuthRegion`, `sCountryID`, `sCurrencyCode`, `dtEntered`,`nEnteredBy`,`dtUpdated`,`nUpdatedBy`) VALUES ('Wadenswil', 'CH',null,now(),1,now(),1);
INSERT INTO `ctadb`.`lstauthregion` (`sAuthRegion`, `sCountryID`, `sCurrencyCode`, `dtEntered`,`nEnteredBy`,`dtUpdated`,`nUpdatedBy`) VALUES ('Walung', 'NP','INR',now(),1,now(),1);
INSERT INTO `ctadb`.`lstauthregion` (`sAuthRegion`, `sCountryID`, `sCurrencyCode`, `dtEntered`,`nEnteredBy`,`dtUpdated`,`nUpdatedBy`) VALUES ('Washington', 'US','USD',now(),1,now(),1);
INSERT INTO `ctadb`.`lstauthregion` (`sAuthRegion`, `sCountryID`, `sCurrencyCode`, `dtEntered`,`nEnteredBy`,`dtUpdated`,`nUpdatedBy`) VALUES ('Wattwil', 'CH',null,now(),1,now(),1);
INSERT INTO `ctadb`.`lstauthregion` (`sAuthRegion`, `sCountryID`, `sCurrencyCode`, `dtEntered`,`nEnteredBy`,`dtUpdated`,`nUpdatedBy`) VALUES ('Zurich', 'CH',null,now(),1,now(),1);
INSERT INTO `ctadb`.`lstauthregion` (`sAuthRegion`, `sCountryID`, `sCurrencyCode`, `dtEntered`,`nEnteredBy`,`dtUpdated`,`nUpdatedBy`) VALUES ('South California', 'US','USD',now(),1,now(),1);
INSERT INTO `ctadb`.`lstauthregion` (`sAuthRegion`, `sCountryID`, `sCurrencyCode`, `dtEntered`,`nEnteredBy`,`dtUpdated`,`nUpdatedBy`) VALUES ('Norway', 'NO',null,now(),1,now(),1);
INSERT INTO `ctadb`.`lstauthregion` (`sAuthRegion`, `sCountryID`, `sCurrencyCode`, `dtEntered`,`nEnteredBy`,`dtUpdated`,`nUpdatedBy`) VALUES ('Austria', 'AS',null,now(),1,now(),1);
INSERT INTO `ctadb`.`lstauthregion` (`sAuthRegion`, `sCountryID`, `sCurrencyCode`, `dtEntered`,`nEnteredBy`,`dtUpdated`,`nUpdatedBy`) VALUES ('Mandi', 'IN','INR',now(),1,now(),1);
INSERT INTO `ctadb`.`lstauthregion` (`sAuthRegion`, `sCountryID`, `sCurrencyCode`, `dtEntered`,`nEnteredBy`,`dtUpdated`,`nUpdatedBy`) VALUES ('Tso Pema', 'IN','INR',now(),1,now(),1);
INSERT INTO `ctadb`.`lstauthregion` (`sAuthRegion`, `sCountryID`, `sCurrencyCode`, `dtEntered`,`nEnteredBy`,`dtUpdated`,`nUpdatedBy`) VALUES ('Tawang', 'IN','INR',now(),1,now(),1);
INSERT INTO `ctadb`.`lstauthregion` (`sAuthRegion`, `sCountryID`, `sCurrencyCode`, `dtEntered`,`nEnteredBy`,`dtUpdated`,`nUpdatedBy`) VALUES ('Indiana', 'US','USD',now(),1,now(),1);
INSERT INTO `ctadb`.`lstauthregion` (`sAuthRegion`, `sCountryID`, `sCurrencyCode`, `dtEntered`,`nEnteredBy`,`dtUpdated`,`nUpdatedBy`) VALUES ('Tsering Dhondhen', 'IN','INR',now(),1,now(),1);
INSERT INTO `ctadb`.`lstauthregion` (`sAuthRegion`, `sCountryID`, `sCurrencyCode`, `dtEntered`,`nEnteredBy`,`dtUpdated`,`nUpdatedBy`) VALUES ('Capitol Area', 'US','USD',now(),1,now(),1);
INSERT INTO `ctadb`.`lstauthregion` (`sAuthRegion`, `sCountryID`, `sCurrencyCode`, `dtEntered`,`nEnteredBy`,`dtUpdated`,`nUpdatedBy`) VALUES ('Lausanne', 'CH',null,now(),1,now(),1);
INSERT INTO `ctadb`.`lstauthregion` (`sAuthRegion`, `sCountryID`, `sCurrencyCode`, `dtEntered`,`nEnteredBy`,`dtUpdated`,`nUpdatedBy`) VALUES ('Trogen', 'CH',null,now(),1,now(),1);
INSERT INTO `ctadb`.`lstauthregion` (`sAuthRegion`, `sCountryID`, `sCurrencyCode`, `dtEntered`,`nEnteredBy`,`dtUpdated`,`nUpdatedBy`) VALUES ('Washington DC', 'US','USD',now(),1,now(),1);

SET SQL_SAFE_UPDATES=0;

UPDATE lstauthregion
SET sCurrencyCode = 'USD'
WHERE sCountryID NOT IN ('IN','NP','BT'); 


CREATE TABLE `lstCountry` (
  `ID` int(11) NOT NULL AUTO_INCREMENT,
  `sCountryID` text DEFAULT NULL,
  `sCountry` text DEFAULT NULL,
  `dtEntered` datetime DEFAULT NULL,
  `nEnteredBy` int(11) Not NULL,
  `dtUpdated` datetime DEFAULT NULL,
  `nUpdatedBy` int(11) Not NULL,
  PRIMARY KEY (`ID`)
) ENGINE=InnoDB AUTO_INCREMENT=1 DEFAULT CHARSET=utf8;

INSERT INTO `lstCountry` (`sCountryID`, `sCountry`, `dtEntered`,`nEnteredBy`,`dtUpdated`,`nUpdatedBy`) VALUES ('AF','Afghanistan',now(),1,now(),1),
('AL','Albania',now(),1,now(),1),('DZ','Algeria',now(),1,now(),1),('AS','Austria',now(),1,now(),1),('AD','Andorra',now(),1,now(),1),('AO','Angola',now(),1,now(),1),
('AI','Anguilla',now(),1,now(),1),('AQ','Antarctica',now(),1,now(),1),('AG','Antigua and Barbuda',now(),1,now(),1),('AR','Argentina',now(),1,now(),1),
('AM','Armenia',now(),1,now(),1),('AW','Aruba',now(),1,now(),1),('AU','Australia',now(),1,now(),1),('AS','Austria',now(),1,now(),1),('AZ','Azerbaijan',now(),1,now(),1),
('BS','Bahamas',now(),1,now(),1),('BH','Bahrain',now(),1,now(),1),('BD','Bangladesh',now(),1,now(),1),('BB','Barbados',now(),1,now(),1),('BY','Belarus',now(),1,now(),1),
('BE','Belgium',now(),1,now(),1),('BZ','Belize',now(),1,now(),1),('BJ','Benin',now(),1,now(),1),('BM','Bermuda',now(),1,now(),1),('BT','Bhutan',now(),1,now(),1),
('BO','Bolivia',now(),1,now(),1),('BA','Bosnia & Herzegovina',now(),1,now(),1),('BW','Botswana',now(),1,now(),1),('BV','Bouvet Island',now(),1,now(),1),
('BR','Brazil',now(),1,now(),1),('IO','British Indian Ocean',now(),1,now(),1),('BN','Brunei Darussalam',now(),1,now(),1),('BG','Bulgaria',now(),1,now(),1),
('BF','Burkina Faso',now(),1,now(),1),('BI','Burundi',now(),1,now(),1),('KH','Cambodia',now(),1,now(),1),('CM','Cameroon',now(),1,now(),1),('CA','Canada',now(),1,now(),1),
('CV','Cape Verde',now(),1,now(),1),('KY','Cayman Islands',now(),1,now(),1),('CF','Central Africa Rep',now(),1,now(),1),('TD','Chad',now(),1,now(),1),('CL','Chile',now(),1,now(),1),
('CN','China',now(),1,now(),1),('CX','Christmas Island',now(),1,now(),1),('CC','Cocos',now(),1,now(),1),('CO','Colombia',now(),1,now(),1),('KM','Comoros',now(),1,now(),1),
('CG','Congo',now(),1,now(),1),('CK','Cook Islands',now(),1,now(),1),('CR','Costa Rica',now(),1,now(),1),('CI','Ivory Coast',now(),1,now(),1),
('HR','Croatia (Hrvatska',now(),1,now(),1),('CU','Cuba',now(),1,now(),1),('CY','Cyprus',now(),1,now(),1),('CZ','Czech Republic',now(),1,now(),1),
('DK','Denmark',now(),1,now(),1),('DJ','Djibouti',now(),1,now(),1),('DM','Dominica',now(),1,now(),1),('DO','Dominican Republic',now(),1,now(),1),
('TP','East Timor',now(),1,now(),1),('EC','Ecuador',now(),1,now(),1),('EG','Egypt',now(),1,now(),1),('SV','El Salvador',now(),1,now(),1),('GQ','Equatorial Guinea',now(),1,now(),1),
('ER','Eritrea',now(),1,now(),1),('EE','Estonia',now(),1,now(),1),('ET','Ethiopia',now(),1,now(),1),('FK','Falkland Islands',now(),1,now(),1),('FO','Faroe Islands',now(),1,now(),1),
('FJ','Fiji',now(),1,now(),1),('FI','Finland',now(),1,now(),1),('FR','France',now(),1,now(),1),('FX','France, Metropolitan',now(),1,now(),1),('GF','French Guiana',now(),1,now(),1),
('PF','French Polynesia',now(),1,now(),1),('TF','French Southern',now(),1,now(),1),('GA','Gabon',now(),1,now(),1),('GM','Gambia',now(),1,now(),1),('GE','Georgia',now(),1,now(),1),
('DE','Germany',now(),1,now(),1),('GH','Ghana',now(),1,now(),1),('GI','Gibraltar',now(),1,now(),1),('GR','Greece',now(),1,now(),1),('GL','Greenland',now(),1,now(),1),('GD','Grenada',now(),1,now(),1),
('GP','Guadeloupe',now(),1,now(),1),('GU','Guam',now(),1,now(),1),('GT','Guatemala',now(),1,now(),1),('GN','Guinea',now(),1,now(),1),('GW','Guinea-Bissau',now(),1,now(),1),
('GY','Guyana',now(),1,now(),1),('HT','Haiti',now(),1,now(),1),('HM','Heard & McDonald',now(),1,now(),1),('HN','Honduras',now(),1,now(),1),('HK','Hong Kong',now(),1,now(),1),
('HU','Hungary',now(),1,now(),1),('IS','Iceland',now(),1,now(),1),('IN','India',now(),1,now(),1),('ID','Indonesia',now(),1,now(),1),('IR','Iran',now(),1,now(),1),('IQ','Iraq',now(),1,now(),1),
('IE','Ireland',now(),1,now(),1),('IL','Israel',now(),1,now(),1),('IT','Italy',now(),1,now(),1),('JM','Jamaica',now(),1,now(),1),('JP','Japan',now(),1,now(),1),('JO','Jordan',now(),1,now(),1),
('KZ','Kazakhstan',now(),1,now(),1),('KE','Kenya',now(),1,now(),1),('KI','Kiribati',now(),1,now(),1),('KP','Korea (North)',now(),1,now(),1),('KR','Korea (South)',now(),1,now(),1),
('KW','Kuwait',now(),1,now(),1),('KG','Kyrgyzstan',now(),1,now(),1),('LA','Laos',now(),1,now(),1),('LV','Latvia',now(),1,now(),1),('LB','Lebanon',now(),1,now(),1),('LS','Lesotho',now(),1,now(),1),
('LR','Liberia',now(),1,now(),1),('LY','Libya',now(),1,now(),1),('LI','Liechtenstein',now(),1,now(),1),('LT','Lithuania',now(),1,now(),1),('LU','Luxembourg',now(),1,now(),1),('MO','Macau',now(),1,now(),1),
('MK','Macedonia',now(),1,now(),1),('MG','Madagascar',now(),1,now(),1),('MW','Malawi',now(),1,now(),1),('MY','Malaysia',now(),1,now(),1),('MV','Maldives',now(),1,now(),1),('ML','Mali',now(),1,now(),1),
('MT','Malta',now(),1,now(),1),('MH','Marshall Islands',now(),1,now(),1),('MQ','Martinique',now(),1,now(),1),('MR','Mauritania',now(),1,now(),1),('MU','Mauritius',now(),1,now(),1),
('YT','Mayotte',now(),1,now(),1),('MX','Mexico',now(),1,now(),1),('FM','Micronesia',now(),1,now(),1),('MD','Moldova',now(),1,now(),1),('MC','Monaco',now(),1,now(),1),('MN','Mongolia',now(),1,now(),1),
('MS','Montserrat',now(),1,now(),1),('MA','Morocco',now(),1,now(),1),('MZ','Mozambique',now(),1,now(),1),('MM','Myanmar',now(),1,now(),1),('NA','Namibia',now(),1,now(),1),('NR','Nauru',now(),1,now(),1),
('NP','Nepal',now(),1,now(),1),('NL','Netherlands',now(),1,now(),1),('AN','Netherlands Anti',now(),1,now(),1),('NC','New Caledonia',now(),1,now(),1),('NZ','New Zealand',now(),1,now(),1),
('NI','Nicaragua',now(),1,now(),1),('NE','Niger',now(),1,now(),1),('NG','Nigeria',now(),1,now(),1),('NU','Niue',now(),1,now(),1),('NF','Norfolk Island',now(),1,now(),1),('MP','Northern Mariana',now(),1,now(),1),
('NO','Norway',now(),1,now(),1),('OM','Oman',now(),1,now(),1),('PK','Pakistan',now(),1,now(),1),('PW','Palau',now(),1,now(),1),('PA','Panama',now(),1,now(),1),('PG','Papua Guinea',now(),1,now(),1),
('PY','Paraguay',now(),1,now(),1),('PE','Peru',now(),1,now(),1),('PH','Philippines',now(),1,now(),1),('PN','Pitcairn',now(),1,now(),1),('PL','Poland',now(),1,now(),1),('PT','Portugal',now(),1,now(),1),
('PR','Puerto Rico',now(),1,now(),1),('QA','Qatar',now(),1,now(),1),('RE','Reunion',now(),1,now(),1),('RO','Romania',now(),1,now(),1),('RU','Russian Federation',now(),1,now(),1),
('RW','Rwanda',now(),1,now(),1),('KN','Saint Kitts',now(),1,now(),1),('LC','Saint Lucia',now(),1,now(),1),('VC','Saint Vincent',now(),1,now(),1),('WS','Samoa',now(),1,now(),1),
('SM','San Marino',now(),1,now(),1),('ST','Sao Tome',now(),1,now(),1),('SA','Saudi Arabia',now(),1,now(),1),('SN','Senegal',now(),1,now(),1),('SC','Seychelles',now(),1,now(),1),
('SL','Sierra Leone',now(),1,now(),1),('SG','Singapore',now(),1,now(),1),('SK','Slovak Republic',now(),1,now(),1),('SI','Slovenia',now(),1,now(),1),('SB','Solomon Islands',now(),1,now(),1),
('SO','Somalia',now(),1,now(),1),('ZA','South Africa',now(),1,now(),1),('GS','S. Georgia',now(),1,now(),1),('SP','Spain',now(),1,now(),1),('LK','Sri Lanka',now(),1,now(),1),('SH','St. Helena',now(),1,now(),1),
('PM','St. Pierre',now(),1,now(),1),('SD','Sudan',now(),1,now(),1),('SR','Suriname',now(),1,now(),1),('SJ','Svalbard',now(),1,now(),1),('SZ','Swaziland',now(),1,now(),1),('SE','Sweden',now(),1,now(),1),
('CH','Switzerland',now(),1,now(),1),('SY','Syria',now(),1,now(),1),('TW','Taiwan',now(),1,now(),1),('TJ','Tajikistan',now(),1,now(),1),('TZ','Tanzania',now(),1,now(),1),('TH','Thailand',now(),1,now(),1),
('TG','Togo',now(),1,now(),1),('TK','Tokelau',now(),1,now(),1),('TO','Tonga',now(),1,now(),1),('TT','Trinidad & Tobago',now(),1,now(),1),('TN','Tunisia',now(),1,now(),1),('TR','Turkey',now(),1,now(),1),
('TM','Turkmenistan',now(),1,now(),1),('TC','Turks & Caicos Is',now(),1,now(),1),('TV','Tuvalu',now(),1,now(),1),('UG','Uganda',now(),1,now(),1),('UA','Ukraine',now(),1,now(),1),
('AE','United Arab Emirates',now(),1,now(),1),('GB','Great Britain',now(),1,now(),1),('US','United States of America',now(),1,now(),1),('UM','US Minor Outlying',now(),1,now(),1),
('UY','Uruguay',now(),1,now(),1),('UZ','Uzbekistan',now(),1,now(),1),('VU','Vanuatu',now(),1,now(),1),('VA','Vatican City State',now(),1,now(),1),('VE','Venezuela',now(),1,now(),1),('VN','Viet Nam',now(),1,now(),1),
('VG','Virgin Is(British)',now(),1,now(),1),('VI','Virgin Is(US)',now(),1,now(),1),('WF','Wallis and Futuna',now(),1,now(),1),('EH','Western Sahara',now(),1,now(),1),('YE','Yemen',now(),1,now(),1),
('YU','Yugoslavia',now(),1,now(),1),('ZR','Zaire',now(),1,now(),1),('ZM','Zambia',now(),1,now(),1),('ZW','Zimbabwe',now(),1,now(),1),('TB','Tibet',now(),1,now(),1);

CREATE TABLE `lstoccupation` (
  `Id` int(11) NOT NULL AUTO_INCREMENT,
  `sOccupationDesc` text NOT NULL,
  `sOccupationDescTibetan` text CHARACTER SET utf8 COLLATE utf8_unicode_ci NOT NULL,
  `dtEntered` datetime DEFAULT NULL,
  `nEnteredBy` int(11) Not NULL,
  `dtUpdated` datetime DEFAULT NULL,
  `nUpdatedBy` int(11) Not NULL,
  PRIMARY KEY (`Id`)
) ENGINE=InnoDB AUTO_INCREMENT=1 DEFAULT CHARSET=latin1;

INSERT INTO `ctadb`.`lstoccupation` (`sOccupationDesc`, `sOccupationDescTibetan`, `dtEntered`,`nEnteredBy`,`dtUpdated`,`nUpdatedBy`) VALUES ('Aged', '',now(),1,now(),1);
INSERT INTO `ctadb`.`lstoccupation` (`sOccupationDesc`, `sOccupationDescTibetan`, `dtEntered`,`nEnteredBy`,`dtUpdated`,`nUpdatedBy`) VALUES ('Domestic Work', '',now(),1,now(),1);
INSERT INTO `ctadb`.`lstoccupation` (`sOccupationDesc`, `sOccupationDescTibetan`, `dtEntered`,`nEnteredBy`,`dtUpdated`,`nUpdatedBy`) VALUES ('Farmer', '',now(),1,now(),1);
INSERT INTO `ctadb`.`lstoccupation` (`sOccupationDesc`, `sOccupationDescTibetan`, `dtEntered`,`nEnteredBy`,`dtUpdated`,`nUpdatedBy`) VALUES ('Retired', '',now(),1,now(),1);
INSERT INTO `ctadb`.`lstoccupation` (`sOccupationDesc`, `sOccupationDescTibetan`, `dtEntered`,`nEnteredBy`,`dtUpdated`,`nUpdatedBy`) VALUES ('Self Employed', '',now(),1,now(),1);
INSERT INTO `ctadb`.`lstoccupation` (`sOccupationDesc`, `sOccupationDescTibetan`, `dtEntered`,`nEnteredBy`,`dtUpdated`,`nUpdatedBy`) VALUES ('Wage Earner', '',now(),1,now(),1);
INSERT INTO `ctadb`.`lstoccupation` (`sOccupationDesc`, `sOccupationDescTibetan`, `dtEntered`,`nEnteredBy`,`dtUpdated`,`nUpdatedBy`) VALUES ('Salaried Job', '',now(),1,now(),1);
INSERT INTO `ctadb`.`lstoccupation` (`sOccupationDesc`, `sOccupationDescTibetan`, `dtEntered`,`nEnteredBy`,`dtUpdated`,`nUpdatedBy`) VALUES ('Student', '',now(),1,now(),1);
INSERT INTO `ctadb`.`lstoccupation` (`sOccupationDesc`, `sOccupationDescTibetan`, `dtEntered`,`nEnteredBy`,`dtUpdated`,`nUpdatedBy`) VALUES ('Housewife', '',now(),1,now(),1);
INSERT INTO `ctadb`.`lstoccupation` (`sOccupationDesc`, `sOccupationDescTibetan`, `dtEntered`,`nEnteredBy`,`dtUpdated`,`nUpdatedBy`) VALUES ('Business', '',now(),1,now(),1);
INSERT INTO `ctadb`.`lstoccupation` (`sOccupationDesc`, `sOccupationDescTibetan`, `dtEntered`,`nEnteredBy`,`dtUpdated`,`nUpdatedBy`) VALUES ('Professional', '',now(),1,now(),1);
INSERT INTO `ctadb`.`lstoccupation` (`sOccupationDesc`, `sOccupationDescTibetan`, `dtEntered`,`nEnteredBy`,`dtUpdated`,`nUpdatedBy`) VALUES ('Monk', '',now(),1,now(),1);
INSERT INTO `ctadb`.`lstoccupation` (`sOccupationDesc`, `sOccupationDescTibetan`, `dtEntered`,`nEnteredBy`,`dtUpdated`,`nUpdatedBy`) VALUES ('[No Entry]', '',now(),1,now(),1);
INSERT INTO `ctadb`.`lstoccupation` (`sOccupationDesc`, `sOccupationDescTibetan`, `dtEntered`,`nEnteredBy`,`dtUpdated`,`nUpdatedBy`) VALUES ('Not Employed', '',now(),1,now(),1);
INSERT INTO `ctadb`.`lstoccupation` (`sOccupationDesc`, `sOccupationDescTibetan`, `dtEntered`,`nEnteredBy`,`dtUpdated`,`nUpdatedBy`) VALUES ('Minor', '',now(),1,now(),1);
INSERT INTO `ctadb`.`lstoccupation` (`sOccupationDesc`, `sOccupationDescTibetan`, `dtEntered`,`nEnteredBy`,`dtUpdated`,`nUpdatedBy`) VALUES ('Tantric Yana', '',now(),1,now(),1);
INSERT INTO `ctadb`.`lstoccupation` (`sOccupationDesc`, `sOccupationDescTibetan`, `dtEntered`,`nEnteredBy`,`dtUpdated`,`nUpdatedBy`) VALUES ('Nomad', '',now(),1,now(),1);
INSERT INTO `ctadb`.`lstoccupation` (`sOccupationDesc`, `sOccupationDescTibetan`, `dtEntered`,`nEnteredBy`,`dtUpdated`,`nUpdatedBy`) VALUES ('Nun', '',now(),1,now(),1);

CREATE TABLE `lstProvince` (
  `Id` int(11) NOT NULL AUTO_INCREMENT,
  `sProvince` text NOT NULL,
  `dtEntered` datetime DEFAULT NULL,
  `nEnteredBy` int(11) Not NULL,
  `dtUpdated` datetime DEFAULT NULL,
  `nUpdatedBy` int(11) Not NULL,
  PRIMARY KEY (`Id`)
) ENGINE=InnoDB AUTO_INCREMENT=1 DEFAULT CHARSET=latin1;

INSERT INTO `ctadb`.`lstprovince` (`sProvince`, `dtEntered`,`nEnteredBy`,`dtUpdated`,`nUpdatedBy`) VALUES ('Dome',now(),1,now(),1);
INSERT INTO `ctadb`.`lstprovince` (`sProvince`, `dtEntered`,`nEnteredBy`,`dtUpdated`,`nUpdatedBy`) VALUES ('Dotoe',now(),1,now(),1);
INSERT INTO `ctadb`.`lstprovince` (`sProvince`, `dtEntered`,`nEnteredBy`,`dtUpdated`,`nUpdatedBy`) VALUES ('Utsang',now(),1,now(),1);
INSERT INTO `ctadb`.`lstprovince` (`sProvince`, `dtEntered`,`nEnteredBy`,`dtUpdated`,`nUpdatedBy`) VALUES ('Unknown',now(),1,now(),1);


CREATE TABLE `lstQualification` (
  `Id` int(11) NOT NULL AUTO_INCREMENT,
  `sQualificationID` varchar(1) NOT NULL DEFAULT '',
  `sQualification` varchar(50) DEFAULT NULL,
  `dtEntered` datetime DEFAULT NULL,
  `nEnteredBy` int(11) Not NULL,
  `dtUpdated` datetime DEFAULT NULL,
  `nUpdatedBy` int(11) Not NULL,
  PRIMARY KEY (`Id`)
) ENGINE=InnoDB AUTO_INCREMENT=1 DEFAULT CHARSET=latin1;

INSERT INTO `ctadb`.`lstQualification` (`sQualificationID`, `sQualification`, `dtEntered`,`nEnteredBy`,`dtUpdated`,`nUpdatedBy`) VALUES ('A', 'Monastic Education',now(),1,now(),1);
INSERT INTO `ctadb`.`lstQualification` (`sQualificationID`, `sQualification`, `dtEntered`,`nEnteredBy`,`dtUpdated`,`nUpdatedBy`) VALUES ('G', 'Graduation',now(),1,now(),1);
INSERT INTO `ctadb`.`lstQualification` (`sQualificationID`, `sQualification`, `dtEntered`,`nEnteredBy`,`dtUpdated`,`nUpdatedBy`) VALUES ('M', 'Matriculation',now(),1,now(),1);
INSERT INTO `ctadb`.`lstQualification` (`sQualificationID`, `sQualification`, `dtEntered`,`nEnteredBy`,`dtUpdated`,`nUpdatedBy`) VALUES ('N', 'No Formal Education',now(),1,now(),1);
INSERT INTO `ctadb`.`lstQualification` (`sQualificationID`, `sQualification`, `dtEntered`,`nEnteredBy`,`dtUpdated`,`nUpdatedBy`) VALUES ('P', 'Primary',now(),1,now(),1);
INSERT INTO `ctadb`.`lstQualification` (`sQualificationID`, `sQualification`, `dtEntered`,`nEnteredBy`,`dtUpdated`,`nUpdatedBy`) VALUES ('R', 'Post Graduation',now(),1,now(),1);
INSERT INTO `ctadb`.`lstQualification` (`sQualificationID`, `sQualification`, `dtEntered`,`nEnteredBy`,`dtUpdated`,`nUpdatedBy`) VALUES ('S', 'Senior Secondary',now(),1,now(),1);
INSERT INTO `ctadb`.`lstQualification` (`sQualificationID`, `sQualification`, `dtEntered`,`nEnteredBy`,`dtUpdated`,`nUpdatedBy`) VALUES ('U', '[No Entry]',now(),1,now(),1);

CREATE TABLE `lstDOBApprox` (
  `Id` int(11) NOT NULL AUTO_INCREMENT,
  `sDOBApproxID` varchar(1) NOT NULL DEFAULT '',
  `sDOBApproxName` varchar(50) DEFAULT NULL,
  PRIMARY KEY (`Id`)
) ENGINE=InnoDB AUTO_INCREMENT=1 DEFAULT CHARSET=latin1;

INSERT INTO `ctadb`.`lstDOBApprox` (`sDOBApproxID`, `sDOBApproxName`) VALUES ('N', 'Exact DOB');
INSERT INTO `ctadb`.`lstDOBApprox` (`sDOBApproxID`, `sDOBApproxName`) VALUES ('D', 'Day Approx');
INSERT INTO `ctadb`.`lstDOBApprox` (`sDOBApproxID`, `sDOBApproxName`) VALUES ('M', 'Month/Year Exact');
INSERT INTO `ctadb`.`lstDOBApprox` (`sDOBApproxID`, `sDOBApproxName`) VALUES ('Y', 'Year Only');



CREATE TABLE `lstTypeIssued` (
  `Id` int(11) NOT NULL AUTO_INCREMENT,
  `sTypeIssued` text NOT NULL,
  `dtEntered` datetime DEFAULT NULL,
  `nEnteredBy` int(11) Not NULL,
  `dtUpdated` datetime DEFAULT NULL,
  `nUpdatedBy` int(11) Not NULL,
  PRIMARY KEY (`Id`)
) ENGINE=InnoDB AUTO_INCREMENT=1 DEFAULT CHARSET=latin1;

INSERT INTO `ctadb`.`lstTypeIssued` (`sTypeIssued`, `dtEntered`,`nEnteredBy`,`dtUpdated`,`nUpdatedBy`) VALUES ('On Progress',now(),1,now(),1);
INSERT INTO `ctadb`.`lstTypeIssued` (`sTypeIssued`, `dtEntered`,`nEnteredBy`,`dtUpdated`,`nUpdatedBy`) VALUES ('Issued',now(),1,now(),1);
INSERT INTO `ctadb`.`lstTypeIssued` (`sTypeIssued`, `dtEntered`,`nEnteredBy`,`dtUpdated`,`nUpdatedBy`) VALUES ('Rejected',now(),1,now(),1);
INSERT INTO `ctadb`.`lstTypeIssued` (`sTypeIssued`, `dtEntered`,`nEnteredBy`,`dtUpdated`,`nUpdatedBy`) VALUES ('Double',now(),1,now(),1);
INSERT INTO `ctadb`.`lstTypeIssued` (`sTypeIssued`, `dtEntered`,`nEnteredBy`,`dtUpdated`,`nUpdatedBy`) VALUES ('Cancel',now(),1,now(),1);

CREATE TABLE `lstUserRights` (
  `Id` int(11) NOT NULL AUTO_INCREMENT,
  `sUserRightsName` text NOT NULL,
  `dtEntered` datetime DEFAULT NULL,
  `nEnteredBy` int(11) Not NULL,
  `dtUpdated` datetime DEFAULT NULL,
  `nUpdatedBy` int(11) Not NULL,
  PRIMARY KEY (`Id`)
) ENGINE=InnoDB AUTO_INCREMENT=1 DEFAULT CHARSET=latin1;

INSERT INTO `ctadb`.`lstUserRights` (`sUserRightsName`, `dtEntered`,`nEnteredBy`,`dtUpdated`,`nUpdatedBy`) VALUES ('Search',now(),1,now(),1);
INSERT INTO `ctadb`.`lstUserRights` (`sUserRightsName`, `dtEntered`,`nEnteredBy`,`dtUpdated`,`nUpdatedBy`) VALUES ('Entry',now(),1,now(),1);
INSERT INTO `ctadb`.`lstUserRights` (`sUserRightsName`, `dtEntered`,`nEnteredBy`,`dtUpdated`,`nUpdatedBy`) VALUES ('Book Issue',now(),1,now(),1);
INSERT INTO `ctadb`.`lstUserRights` (`sUserRightsName`, `dtEntered`,`nEnteredBy`,`dtUpdated`,`nUpdatedBy`) VALUES ('Edit',now(),1,now(),1);
INSERT INTO `ctadb`.`lstUserRights` (`sUserRightsName`, `dtEntered`,`nEnteredBy`,`dtUpdated`,`nUpdatedBy`) VALUES ('Admin',now(),1,now(),1);



CREATE TABLE `tbluser` (
  `Id` int(11) NOT NULL AUTO_INCREMENT,
  `_Id` int(11) DEFAULT NULL,
  `sUsername` text NOT NULL,
  `sFullName` text NOT NULL,
  `sOffice` text NOT NULL,
  `sPassword` text NOT NULL,
  `nUserRightsId` int(11) NOT NULL,
  `bActive` tinyint(1) NOT NULL,
  `dtEntered` datetime DEFAULT NULL,
  `nEnteredBy` int(11) NOT NULL,
  `dtUpdated` datetime DEFAULT NULL,
  `nUpdatedBy` int(11) NOT NULL,
  PRIMARY KEY (`Id`)
) ENGINE=InnoDB AUTO_INCREMENT=91 DEFAULT CHARSET=latin1;





CREATE TABLE `lstRelation` (
  `Id` int(11) NOT NULL AUTO_INCREMENT,
  `sRelation` text NOT NULL,
  `dtEntered` datetime DEFAULT NULL,
  `nEnteredBy` int(11) Not NULL,
  `dtUpdated` datetime DEFAULT NULL,
  `nUpdatedBy` int(11) Not NULL,
  PRIMARY KEY (`Id`)
) ENGINE=InnoDB AUTO_INCREMENT=1 DEFAULT CHARSET=latin1;

INSERT INTO `ctadb`.`lstRelation` (`sRelation`, `dtEntered`,`nEnteredBy`,`dtUpdated`,`nUpdatedBy`) VALUES ('Father',now(),1,now(),1);
INSERT INTO `ctadb`.`lstRelation` (`sRelation`, `dtEntered`,`nEnteredBy`,`dtUpdated`,`nUpdatedBy`) VALUES ('Mother',now(),1,now(),1);
INSERT INTO `ctadb`.`lstRelation` (`sRelation`, `dtEntered`,`nEnteredBy`,`dtUpdated`,`nUpdatedBy`) VALUES ('Spouse',now(),1,now(),1);
INSERT INTO `ctadb`.`lstRelation` (`sRelation`, `dtEntered`,`nEnteredBy`,`dtUpdated`,`nUpdatedBy`) VALUES ('MaleChild',now(),1,now(),1);
INSERT INTO `ctadb`.`lstRelation` (`sRelation`, `dtEntered`,`nEnteredBy`,`dtUpdated`,`nUpdatedBy`) VALUES ('FemaleChild',now(),1,now(),1);
-- INSERT INTO `ctadb`.`lstRelation` (`sRelation`, `dtEntered`,`nEnteredBy`,`dtUpdated`,`nUpdatedBy`) VALUES ('Brother',now(),1,now(),1);
-- INSERT INTO `ctadb`.`lstRelation` (`sRelation`, `dtEntered`,`nEnteredBy`,`dtUpdated`,`nUpdatedBy`) VALUES ('Sister',now(),1,now(),1);

CREATE TABLE `lstMadebStatus` (
  `Id` int(11) NOT NULL AUTO_INCREMENT,
  `sMadebStatus` text NOT NULL,
  `dtEntered` datetime DEFAULT NULL,
  `nEnteredBy` int(11) Not NULL,
  `dtUpdated` datetime DEFAULT NULL,
  `nUpdatedBy` int(11) Not NULL,
  PRIMARY KEY (`Id`)
) ENGINE=InnoDB AUTO_INCREMENT=1 DEFAULT CHARSET=latin1;

INSERT INTO `ctadb`.`lstMadebStatus` (`sMadebStatus`, `dtEntered`,`nEnteredBy`,`dtUpdated`,`nUpdatedBy`) VALUES ('Approved',now(),1,now(),1);
INSERT INTO `ctadb`.`lstMadebStatus` (`sMadebStatus`, `dtEntered`,`nEnteredBy`,`dtUpdated`,`nUpdatedBy`) VALUES ('Rejected',now(),1,now(),1);
INSERT INTO `ctadb`.`lstMadebStatus` (`sMadebStatus`, `dtEntered`,`nEnteredBy`,`dtUpdated`,`nUpdatedBy`) VALUES ('Cancelled',now(),1,now(),1);
INSERT INTO `ctadb`.`lstMadebStatus` (`sMadebStatus`, `dtEntered`,`nEnteredBy`,`dtUpdated`,`nUpdatedBy`) VALUES ('Closed',now(),1,now(),1);

CREATE TABLE `lstMadebType` (
  `Id` int(11) NOT NULL AUTO_INCREMENT,
  `sMadebType` text NOT NULL,
  `sMadebDisplayName` text NOT NULL,
  `sMadebDisplayKey` text NOT NULL,
  `nMadebFeatureId` int(11) NOT NULL,
  `dtEntered` datetime DEFAULT NULL,
  `nEnteredBy` int(11) Not NULL,
  `dtUpdated` datetime DEFAULT NULL,
  `nUpdatedBy` int(11) Not NULL,
  PRIMARY KEY (`Id`)
) ENGINE=InnoDB AUTO_INCREMENT=1 DEFAULT CHARSET=latin1;

INSERT INTO `ctadb`.`lstMadebType` (`sMadebType`,`sMadebDisplayName`,`sMadebDisplayKey`,`nMadebFeatureId`,`dtEntered`,`nEnteredBy`,`dtUpdated`,`nUpdatedBy`) VALUES ('Sarso (New)','First Issued','F',13,now(),1,now(),1);
INSERT INTO `ctadb`.`lstMadebType` (`sMadebType`,`sMadebDisplayName`,`sMadebDisplayKey`,`nMadebFeatureId`,`dtEntered`,`nEnteredBy`,`dtUpdated`,`nUpdatedBy`) VALUES ('Norchoe (Change)','Modified Issued','M',14,now(),1,now(),1);
INSERT INTO `ctadb`.`lstMadebType` (`sMadebType`,`sMadebDisplayName`,`sMadebDisplayKey`,`nMadebFeatureId`,`dtEntered`,`nEnteredBy`,`dtUpdated`,`nUpdatedBy`) VALUES ('Bhorlak (Lost)','Lost Issued','L',15,now(),1,now(),1);
INSERT INTO `ctadb`.`lstMadebType` (`sMadebType`,`sMadebDisplayName`,`sMadebDisplayKey`,`nMadebFeatureId`,`dtEntered`,`nEnteredBy`,`dtUpdated`,`nUpdatedBy`) VALUES ('Abroad','Abroad','A',18,now(),1,now(),1);
INSERT INTO `ctadb`.`lstMadebType` (`sMadebType`,`sMadebDisplayName`,`sMadebDisplayKey`,`nMadebFeatureId`,`dtEntered`,`nEnteredBy`,`dtUpdated`,`nUpdatedBy`) VALUES ('Book Full','Book Full','U',16,now(),1,now(),1);
INSERT INTO `ctadb`.`lstMadebType` (`sMadebType`,`sMadebDisplayName`,`sMadebDisplayKey`,`nMadebFeatureId`,`dtEntered`,`nEnteredBy`,`dtUpdated`,`nUpdatedBy`) VALUES ('Brief GB','Brief GB','B',17,now(),1,now(),1);

-- lstFeature
CREATE TABLE `lstFeature` (
  `Id` int(11) NOT NULL AUTO_INCREMENT,
  `sFeature` text NOT NULL, 
  `dtEntered` datetime DEFAULT NULL,
  `nEnteredBy` int(11) Not NULL,
  `dtUpdated` datetime DEFAULT NULL,
  `nUpdatedBy` int(11) Not NULL,
  PRIMARY KEY (`Id`)
) ENGINE=InnoDB AUTO_INCREMENT=1 DEFAULT CHARSET=latin1;

INSERT INTO `ctadb`.`lstFeature` (`sFeature`, `dtEntered`,`nEnteredBy`,`dtUpdated`,`nUpdatedBy`) VALUES ('Login Page',now(),1,now(),1);
INSERT INTO `ctadb`.`lstFeature` (`sFeature`, `dtEntered`,`nEnteredBy`,`dtUpdated`,`nUpdatedBy`) VALUES ('Home',now(),1,now(),1);
INSERT INTO `ctadb`.`lstFeature` (`sFeature`, `dtEntered`,`nEnteredBy`,`dtUpdated`,`nUpdatedBy`) VALUES ('Give GB No',now(),1,now(),1);
INSERT INTO `ctadb`.`lstFeature` (`sFeature`, `dtEntered`,`nEnteredBy`,`dtUpdated`,`nUpdatedBy`) VALUES ('Delete GB',now(),1,now(),1);
INSERT INTO `ctadb`.`lstFeature` (`sFeature`, `dtEntered`,`nEnteredBy`,`dtUpdated`,`nUpdatedBy`) VALUES ('Users',now(),1,now(),1);
INSERT INTO `ctadb`.`lstFeature` (`sFeature`, `dtEntered`,`nEnteredBy`,`dtUpdated`,`nUpdatedBy`) VALUES ('Report',now(),1,now(),1);
INSERT INTO `ctadb`.`lstFeature` (`sFeature`, `dtEntered`,`nEnteredBy`,`dtUpdated`,`nUpdatedBy`) VALUES ('Edit',now(),1,now(),1);
INSERT INTO `ctadb`.`lstFeature` (`sFeature`, `dtEntered`,`nEnteredBy`,`dtUpdated`,`nUpdatedBy`) VALUES ('Issue Book',now(),1,now(),1);
INSERT INTO `ctadb`.`lstFeature` (`sFeature`, `dtEntered`,`nEnteredBy`,`dtUpdated`,`nUpdatedBy`) VALUES ('Make List',now(),1,now(),1);
INSERT INTO `ctadb`.`lstFeature` (`sFeature`, `dtEntered`,`nEnteredBy`,`dtUpdated`,`nUpdatedBy`) VALUES ('Print',now(),1,now(),1);
INSERT INTO `ctadb`.`lstFeature` (`sFeature`, `dtEntered`,`nEnteredBy`,`dtUpdated`,`nUpdatedBy`) VALUES ('Give Serial',now(),1,now(),1);
INSERT INTO `ctadb`.`lstFeature` (`sFeature`, `dtEntered`,`nEnteredBy`,`dtUpdated`,`nUpdatedBy`) VALUES ('New Entry',now(),1,now(),1);
INSERT INTO `ctadb`.`lstFeature` (`sFeature`, `dtEntered`,`nEnteredBy`,`dtUpdated`,`nUpdatedBy`) VALUES ('Sarso Madeb',now(),1,now(),1);
INSERT INTO `ctadb`.`lstFeature` (`sFeature`, `dtEntered`,`nEnteredBy`,`dtUpdated`,`nUpdatedBy`) VALUES ('Norchoe Madeb',now(),1,now(),1);
INSERT INTO `ctadb`.`lstFeature` (`sFeature`, `dtEntered`,`nEnteredBy`,`dtUpdated`,`nUpdatedBy`) VALUES ('Bhorlak Madeb',now(),1,now(),1);
INSERT INTO `ctadb`.`lstFeature` (`sFeature`, `dtEntered`,`nEnteredBy`,`dtUpdated`,`nUpdatedBy`) VALUES ('Book Full',now(),1,now(),1);
INSERT INTO `ctadb`.`lstFeature` (`sFeature`, `dtEntered`,`nEnteredBy`,`dtUpdated`,`nUpdatedBy`) VALUES ('Brief GB',now(),1,now(),1);
INSERT INTO `ctadb`.`lstFeature` (`sFeature`, `dtEntered`,`nEnteredBy`,`dtUpdated`,`nUpdatedBy`) VALUES ('Abroad',now(),1,now(),1);
INSERT INTO `ctadb`.`lstFeature` (`sFeature`, `dtEntered`,`nEnteredBy`,`dtUpdated`,`nUpdatedBy`) VALUES ('Change Password',now(),1,now(),1);
INSERT INTO `ctadb`.`lstFeature` (`sFeature`, `dtEntered`,`nEnteredBy`,`dtUpdated`,`nUpdatedBy`) VALUES ('Search',now(),1,now(),1);
INSERT INTO `ctadb`.`lstFeature` (`sFeature`, `dtEntered`,`nEnteredBy`,`dtUpdated`,`nUpdatedBy`) VALUES ('Sarso New GB Entry',now(),1,now(),1);
INSERT INTO `ctadb`.`lstFeature` (`sFeature`, `dtEntered`,`nEnteredBy`,`dtUpdated`,`nUpdatedBy`) VALUES ('Roles Feature Mapping',now(),1,now(),1);
INSERT INTO `ctadb`.`lstFeature` (`sFeature`, `dtEntered`,`nEnteredBy`,`dtUpdated`,`nUpdatedBy`) VALUES ('User Roles Manage',now(),1,now(),1);
INSERT INTO `ctadb`.`lstFeature` (`sFeature`, `dtEntered`,`nEnteredBy`,`dtUpdated`,`nUpdatedBy`) VALUES ('Region (Master)',now(),1,now(),1);
INSERT INTO `ctadb`.`lstFeature` (`sFeature`, `dtEntered`,`nEnteredBy`,`dtUpdated`,`nUpdatedBy`) VALUES ('Chatrel (Master)',now(),1,now(),1);
INSERT INTO `ctadb`.`lstFeature` (`sFeature`, `dtEntered`,`nEnteredBy`,`dtUpdated`,`nUpdatedBy`) VALUES ('CTA Config (Master)',now(),1,now(),1);
INSERT INTO `ctadb`.`lstFeature` (`sFeature`, `dtEntered`,`nEnteredBy`,`dtUpdated`,`nUpdatedBy`) VALUES ('Authority Region (Master)',now(),1,now(),1);
INSERT INTO `ctadb`.`lstFeature` (`sFeature`, `dtEntered`,`nEnteredBy`,`dtUpdated`,`nUpdatedBy`) VALUES ('Country (Master)',now(),1,now(),1);
INSERT INTO `ctadb`.`lstFeature` (`sFeature`, `dtEntered`,`nEnteredBy`,`dtUpdated`,`nUpdatedBy`) VALUES ('Occupation (Master)',now(),1,now(),1);
INSERT INTO `ctadb`.`lstFeature` (`sFeature`, `dtEntered`,`nEnteredBy`,`dtUpdated`,`nUpdatedBy`) VALUES ('Province (Master)',now(),1,now(),1);
INSERT INTO `ctadb`.`lstFeature` (`sFeature`, `dtEntered`,`nEnteredBy`,`dtUpdated`,`nUpdatedBy`) VALUES ('Qualification (Master)',now(),1,now(),1);
INSERT INTO `ctadb`.`lstFeature` (`sFeature`, `dtEntered`,`nEnteredBy`,`dtUpdated`,`nUpdatedBy`) VALUES ('Relation (Master)',now(),1,now(),1);
INSERT INTO `ctadb`.`lstFeature` (`sFeature`, `dtEntered`,`nEnteredBy`,`dtUpdated`,`nUpdatedBy`) VALUES ('Feature (Master)',now(),1,now(),1);
INSERT INTO `ctadb`.`lstFeature` (`sFeature`, `dtEntered`,`nEnteredBy`,`dtUpdated`,`nUpdatedBy`) VALUES ('Type Issued (Master)',now(),1,now(),1);
INSERT INTO `ctadb`.`lstFeature` (`sFeature`, `dtEntered`,`nEnteredBy`,`dtUpdated`,`nUpdatedBy`) VALUES ('Madeb Type (Master)',now(),1,now(),1);
INSERT INTO `ctadb`.`lstFeature` (`sFeature`, `dtEntered`,`nEnteredBy`,`dtUpdated`,`nUpdatedBy`) VALUES ('User Rights (Master)',now(),1,now(),1);
INSERT INTO `ctadb`.`lstFeature` (`sFeature`, `dtEntered`,`nEnteredBy`,`dtUpdated`,`nUpdatedBy`) VALUES ('Chatrels',now(),1,now(),1);


CREATE TABLE `lstCTAConfig` (
  `Id` int(11) NOT NULL AUTO_INCREMENT,
  `sKey` text NOT NULL,
  `sValue` MEDIUMTEXT NOT NULL,
  `dtUpdated` datetime DEFAULT NULL,
  `nUpdatedBy` int(11) Not NULL,
  PRIMARY KEY (`Id`)
) ENGINE=InnoDB AUTO_INCREMENT=1 DEFAULT CHARSET=latin1;

INSERT INTO `lstctaconfig` (`Id`, `sKey`, `sValue`, `dtUpdated`, `nUpdatedBy`) VALUES
(1, 'UITableNumberOfRowsInPage', '20', now(), 1),
(2, 'SelectTotalRecordCount', '1000', now(), 1),
(3, 'DateFormat', 'DD-MM-YYYY', now(), 1);


CREATE TABLE `lstChatrel` (
  `Id` int(11) NOT NULL AUTO_INCREMENT,
  `sChatrelKey` text NOT NULL,
  `nChatrelValue` int(11) NOT NULL,
  `dtChatrelFrom` date DEFAULT NULL,
  `dtEntered` datetime DEFAULT NULL,
  `nEnteredBy` int(11) NOT NULL,
  PRIMARY KEY (`Id`)
) ENGINE=InnoDB AUTO_INCREMENT=1 DEFAULT CHARSET=latin1;

INSERT INTO `lstChatrel` (`Id`, `sChatrelKey`, `nChatrelValue`, `dtChatrelFrom`, `dtEntered`, `nEnteredBy`) VALUES
(1, 'USDYearChatrelAmount', '36', DATE_FORMAT("2011-04-01", "%Y-%m-%d"), now(), 1),
(2, 'USDYearChatrelMeal', '10', DATE_FORMAT("2011-04-01", "%Y-%m-%d"), now(), 1),
(3, 'USDYearChatrelSalaryAmt', '50', DATE_FORMAT("2011-04-01", "%Y-%m-%d"), now(), 1),
(4, 'USDChatrelLateFeesPercentage', '10', DATE_FORMAT("2011-04-01", "%Y-%m-%d"), now(), 1),
(5, 'USDChildMonthChatrelAmount', '1', DATE_FORMAT("2011-04-01", "%Y-%m-%d"), now(), 1),
(6, 'INRYearChatrelAmount', '48', DATE_FORMAT("2011-04-01", "%Y-%m-%d"), now(), 1),
(7, 'INRYearChatrelMeal', '10', DATE_FORMAT("2011-04-01", "%Y-%m-%d"), now(), 1),
(8, 'INRYearChatrelSalaryAmt', '0', DATE_FORMAT("2011-04-01", "%Y-%m-%d"), now(), 1),
(9, 'INRChatrelLateFeesPercentage', '10', DATE_FORMAT("2011-04-01", "%Y-%m-%d"), now(), 1),
(10, 'INRChildMonthChatrelAmount', '1', DATE_FORMAT("2011-04-01", "%Y-%m-%d"), now(), 1),
(11, 'ChatrelStartYear', '2011', NULL, now(), 1);

-- -------------------------
-- --Transactional Tables---
-- -------------------------

CREATE TABLE `tblRecentlySearchedGB` (
  `ID` int(11) NOT NULL AUTO_INCREMENT,
  `nGBID` int(11) NOT NULL,
  `nUserID` int(11) NOT NULL,
  `dtEntered` datetime DEFAULT NULL,
  `nEnteredBy` int(11) Not NULL,
  PRIMARY KEY (`ID`)
) ENGINE=InnoDB AUTO_INCREMENT=1 DEFAULT CHARSET=latin1;


CREATE TABLE `tblgbchatrelDetail` (
  `Id` int(11) NOT NULL AUTO_INCREMENT,
  `sGBId` varchar(255) DEFAULT NULL,
  `nChatrelAmount` decimal(15,2) NOT NULL,
  `nChatrelMeal` decimal(15,2) DEFAULT NULL,
  `nChatrelYear` int(11) DEFAULT NULL,
  `nChatrelLateFeesPercentage` int(11) DEFAULT NULL,
  `nArrearsAmount` decimal(15,2) DEFAULT NULL,
  `dtArrearsFrom` date DEFAULT NULL,
  `dtArrearsTo` date DEFAULT NULL,
  `nCurrentChatrelSalaryAmt` decimal(15,2)DEFAULT NULL,
  `dtCurrentChatrelFrom` date DEFAULT NULL,
  `dtCurrentChatrelTo` date DEFAULT NULL,
  `nChatrelAdditionalDonationAmt` decimal(15,2) DEFAULT NULL,
  `nChatrelBusinessDonationAmt` decimal(15,2) DEFAULT NULL,
  `nChatrelTotalAmount` decimal(15,2) DEFAULT NULL,
  `nAuthRegionID` int(11) DEFAULT NULL,
  `sCountryID` varchar(255) DEFAULT NULL,
  `sPaymentCurrency` varchar(255) DEFAULT NULL,
  `sPaidByGBId` varchar(255) DEFAULT NULL,
  `sPayPal_Status` varchar(255) DEFAULT NULL,
  `sPayPal_ID` varchar(255) DEFAULT NULL,
  `sPayPal_Currency_Code` varchar(255) DEFAULT NULL,
  `sPayPal_Currency_Value` varchar(255) DEFAULT NULL,
  `sPayPal_Response_Object` varchar(5000) DEFAULT NULL,
  `dtPayment` datetime DEFAULT NULL,
  `dtEntered` datetime DEFAULT NULL,
  `nEnteredBy` int(11) NOT NULL,
  PRIMARY KEY (`Id`)
) ENGINE=InnoDB AUTO_INCREMENT=1 DEFAULT CHARSET=latin1;


CREATE TABLE `tblMadeb` (
  `Id` int(11) NOT NULL AUTO_INCREMENT,
  `_Id` int(11) DEFAULT NULL,
  `nFormNumber` int(11) NOT NULL,
  `sGBID` varchar(255) DEFAULT NULL,
  `nMadebTypeID` int(11) DEFAULT NULL,
  `sName` text DEFAULT NULL,
  `sFathersName` varchar(100) DEFAULT NULL,
  `nAuthRegionID` int(11) NOT NULL,
  `dtReceived` date DEFAULT NULL,
  `dtIssueAction` date DEFAULT NULL,
  `nIssuedOrNotID` int(11) DEFAULT NULL,
  `nType` int(11) DEFAULT NULL,
  `sChangeField` varchar(200) DEFAULT NULL,
  `sOfficeOfTibetan` varchar(1000) DEFAULT NULL,
  `sDocumentAttached` varchar(200) DEFAULT NULL,
  `nCurrentGBSno` int(11) DEFAULT NULL,
  `nPreviousGBSno` int(11) DEFAULT NULL,
  `nSaneyFormNo` int(11) DEFAULT NULL,
  `nReceiptNo` int(11) DEFAULT NULL,
  `dtEmailSend` date DEFAULT NULL,
  `sAlias` varchar(200) DEFAULT NULL,
  `sApprovedReject` varchar(200) DEFAULT NULL,
  `nMadebStatusID` int(11) DEFAULT NULL,
  `sMadebStatusRemark` varchar(200) DEFAULT NULL,
  `dtReject` date DEFAULT NULL,
  `dtReturnEmail` date DEFAULT NULL,
  `dtEntered` datetime DEFAULT NULL,
  `nEnteredBy` int(11) Not NULL,
  `dtUpdated` datetime DEFAULT NULL,
  `nUpdatedBy` int(11) Not NULL,
  PRIMARY KEY (`Id`),
  KEY `nAuthRegionID` (`nAuthRegionID`)
) ENGINE=InnoDB AUTO_INCREMENT=10691 DEFAULT CHARSET=latin1;

CREATE TABLE `tblGreenBook` (
  `Id` int(11) NOT NULL AUTO_INCREMENT,
  `_Id` int(11) DEFAULT NULL,
  `sGBID` varchar(255) DEFAULT NULL,
  `nAuthRegionID` int(11) NOT NULL,
  
  `sFirstName` varchar(255) DEFAULT NULL,
  `sMiddleName` varchar(255) DEFAULT NULL,
  `sLastName` varchar(255) DEFAULT NULL,
  `sFamilyName` varchar(255) DEFAULT NULL,
  `sGender` varchar(255) DEFAULT NULL,
  `dtDOB` date DEFAULT NULL,
  `sDOBApprox` varchar(255) DEFAULT NULL,
  `sBirthPlace` varchar(255) DEFAULT NULL,
  `sBirthCountryID` varchar(255) DEFAULT NULL,
  `sOriginVillage` varchar(255) DEFAULT NULL,
  `sOriginProvinceID` varchar(255) DEFAULT NULL,
  `sMarried` varchar(255) DEFAULT NULL,
  `sOtherDocuments` text NOT NULL,
  `sResidenceNumber` varchar(255) DEFAULT NULL,
  `sQualificationID` varchar(255) DEFAULT NULL,
  `sOccupationID` varchar(255) DEFAULT NULL,
  `sAliasName` varchar(200) NOT NULL,
  
  `sOldGreenBKNo` varchar(255) DEFAULT NULL,
  `sFstGreenBkNo` varchar(255) DEFAULT NULL,
  `dtFormDate` date DEFAULT NULL,

  `sFathersName` varchar(255) DEFAULT NULL,
  `sFathersID` varchar(255) DEFAULT NULL,
  `sFathersGBID` varchar(255) DEFAULT NULL,
  `sMothersName` varchar(255) DEFAULT NULL,
  `sMothersID` varchar(255) DEFAULT NULL,
  `sMothersGBID` varchar(255) DEFAULT NULL,
  `sSpouseName` varchar(255) DEFAULT NULL,
  `sSpouseID` varchar(255) DEFAULT NULL,
  `sSpouseGBID` varchar(255) DEFAULT NULL,
  `nChildrenM` int(11) NOT NULL,
  `nChildrenF` int(11) NOT NULL,

  `sAddress1` varchar(255) DEFAULT NULL,
  `sAddress2` varchar(255) DEFAULT NULL,
  `sCity` varchar(255) DEFAULT NULL,
  `sState` varchar(255) DEFAULT NULL,
  `sPCode` varchar(255) DEFAULT NULL,
  `sCountryID` varchar(255) DEFAULT NULL,
  `sEmail` varchar(255) DEFAULT NULL,
  `sPhone` varchar(255) DEFAULT NULL,
  `sFax` varchar(255) DEFAULT NULL,

  `dtDeceased` date DEFAULT NULL,
  `sBookIssued` varchar(255) DEFAULT NULL,
  `dtValidityDate` date DEFAULT NULL,
  `sPaidUntil` text NOT NULL,
  
  `TibetanName` text CHARACTER SET utf8 COLLATE utf8_unicode_ci NOT NULL,
  `TBUPlaceOfBirth` text CHARACTER SET utf8 COLLATE utf8_unicode_ci NOT NULL,
  `TBUOriginVillage` text CHARACTER SET utf8 COLLATE utf8_unicode_ci NOT NULL,
  `TBUFathersName` text CHARACTER SET utf8 COLLATE utf8_unicode_ci NOT NULL,
  `TBUMothersName` text CHARACTER SET utf8 COLLATE utf8_unicode_ci NOT NULL,
  `TBUSpouseName` text CHARACTER SET utf8 COLLATE utf8_unicode_ci NOT NULL,
  
  `sEnteredDateTime` text DEFAULT NULL,
  `dtEntered` datetime DEFAULT NULL,
  `nEnteredBy` int(11) Not NULL,
  `dtUpdated` datetime DEFAULT NULL,
  `nUpdatedBy` int(11) Not NULL,

  PRIMARY KEY (`id`),
  KEY `nAuthRegionID` (`nAuthRegionID`)
) ENGINE=InnoDB AUTO_INCREMENT=156426 DEFAULT CHARSET=utf8;

CREATE TABLE `tblGivenGBID` (
  `Id` int(11) NOT NULL AUTO_INCREMENT,
  `_Id` int(11) DEFAULT NULL,
  `nGBId` int(11) NOT NULL,
  `nFormNo` int(11) NOT NULL,
  `dtDate` date NOT NULL,
  `bGivenOrNot` tinyint(1) NOT NULL,
  `bActive` tinyint(1) NOT NULL,
  `dtEntered` datetime DEFAULT NULL,
  `nEnteredBy` int(11) Not NULL,
  `dtUpdated` datetime DEFAULT NULL,
  `nUpdatedBy` int(11) Not NULL,
  PRIMARY KEY (`Id`),
  KEY `nGBId` (`nGBId`)
) ENGINE=InnoDB AUTO_INCREMENT=1 DEFAULT CHARSET=latin1;

-- select nGBId from ctadb.tblGivenGBID order by nGBId desc limit 0,1;


CREATE TABLE `tblGreenBookIssued` (
  `Id` int(11) NOT NULL AUTO_INCREMENT,
  `nGBId` int(11) DEFAULT NULL,
  `dtIssuedDate` date DEFAULT NULL,
  `sWhyIssued` varchar(10) DEFAULT NULL,
  `nMadebTypeId` int(11) DEFAULT NULL,
  `nTypeIssuedId` int(11) NOT NULL,
  `sFormNumber` text NOT NULL,
  `nWhereIssued` int(11) NOT NULL,
  `nAuthRegionId` int(11) DEFAULT NULL,
  `bPrinted` tinyint(1) NOT NULL,
  `sRemarks` text CHARACTER SET utf8 COLLATE utf8_unicode_ci DEFAULT NULL,
  `dtEntered` datetime DEFAULT NULL,
  `nEnteredBy` int(11) Not NULL,
  `dtUpdated` datetime DEFAULT NULL,
  `nUpdatedBy` int(11) Not NULL,
  PRIMARY KEY (`Id`),
  KEY `nGBId` (`nGBId`)
) ENGINE=InnoDB AUTO_INCREMENT=176236 DEFAULT CHARSET=latin1;


CREATE TABLE `tblGreenBookSerial` (
  `Id` int(11) NOT NULL AUTO_INCREMENT,
  `nBookNo` int(11) DEFAULT NULL,
  `sGBID` varchar(255) DEFAULT NULL,
  `Remarks` text NOT NULL,
  `dtDate` date DEFAULT NULL,
  `sName` varchar(200) DEFAULT NULL,
  `sCountryID` text DEFAULT NULL,
  `nMadebTypeID` int(11) DEFAULT NULL,
  `nFormNumber` int(11) DEFAULT NULL,
  `sAuthRegion` varchar(200) DEFAULT NULL,
  `nAuthRegionID` int(11) DEFAULT NULL,
  `dtEntered` datetime DEFAULT NULL,
  `nEnteredBy` int(11) Not NULL,
  `dtUpdated` datetime DEFAULT NULL,
  `nUpdatedBy` int(11) Not NULL,
  PRIMARY KEY (`Id`),
  KEY `sGBId` (`sGBId`)
) ENGINE=InnoDB AUTO_INCREMENT=44030 DEFAULT CHARSET=latin1;


CREATE TABLE `tblActionLogger` (
  `Id` int(11) NOT NULL AUTO_INCREMENT,
  `sActionType` varchar(255) DEFAULT NULL,
  `sModuleName` varchar(255) DEFAULT NULL,
  `sEventName` varchar(255) DEFAULT NULL,
  `sDescription` varchar(255) DEFAULT NULL,
  `sStackTrace` varchar(255) DEFAULT NULL,
  `dtEntered` DateTime DEFAULT NULL,
  `nEnteredBy` int(11) Not NULL,
  PRIMARY KEY (`id`)
) ENGINE=InnoDB AUTO_INCREMENT=1 DEFAULT CHARSET=latin1;

CREATE TABLE `tblAuditLog` (
  `Id` int(11) NOT NULL AUTO_INCREMENT,
  `dtEntered` datetime DEFAULT NULL,
  `nFeatureID` int(11) NOT NULL,
  `nRegionID` int(11) DEFAULT NULL,
  `nRecordID` int(11) NOT NULL,
  `sGBID` varchar(255) DEFAULT NULL,
  `sFieldValuesOld` text CHARACTER SET utf8 COLLATE utf8_unicode_ci NOT NULL,
  `sFieldValuesNew` text CHARACTER SET utf8 COLLATE utf8_unicode_ci NOT NULL,
  `nEnteredBy` int(11) NOT NULL,
  PRIMARY KEY (`id`)
) ENGINE=InnoDB AUTO_INCREMENT=1 DEFAULT CHARSET=utf8;



CREATE TABLE `tblchatrelpayment` (
  `Id` int(11) NOT NULL AUTO_INCREMENT,
  `sGBId` varchar(255) DEFAULT NULL,
  `nChatrelAmount` decimal(15,2) DEFAULT NULL,
  `nChatrelMeal` decimal(15,2) DEFAULT NULL,
  `nChatrelYear` int(11) DEFAULT NULL,
  `nChatrelLateFeesPercentage` int(11) DEFAULT NULL,
  `nArrearsAmount` decimal(15,2) DEFAULT NULL,
  `dtArrearsFrom` date DEFAULT NULL,
  `dtArrearsTo` date DEFAULT NULL,
  `nCurrentChatrelSalaryAmt` decimal(15,2) DEFAULT NULL,
  `dtCurrentChatrelFrom` date DEFAULT NULL,
  `dtCurrentChatrelTo` date DEFAULT NULL,
  `nChatrelAdditionalDonationAmt` decimal(15,2) DEFAULT NULL,
  `nChatrelBusinessDonationAmt` decimal(15,2) DEFAULT NULL,
  `nChatrelTotalAmount` decimal(15,2) DEFAULT NULL,
  `sChatrelReceiptNumber` varchar(255) DEFAULT NULL,
  `nAuthRegionID` int(11) DEFAULT NULL,
  `sCountryID` varchar(255) DEFAULT NULL,
  `sPaymentStatus` varchar(255) DEFAULT NULL,
  `sPaymentMode` varchar(255) DEFAULT NULL,
  `sPaymentCurrency` varchar(255) DEFAULT NULL,
  `sPaidByGBId` varchar(255) DEFAULT NULL,
  `dtPayment` datetime DEFAULT NULL,
  `dtEntered` datetime DEFAULT NULL,
  `nEnteredBy` int(11) NOT NULL,
  PRIMARY KEY (`Id`)
) ENGINE=InnoDB AUTO_INCREMENT=1 DEFAULT CHARSET=latin1;


-- -------------------------
-- --Link Tables------------
-- -------------------------

CREATE TABLE `lnkGBRelation` (
  `Id` int(11) NOT NULL AUTO_INCREMENT,
  `sGBID` varchar(255) DEFAULT NULL,
  `sGBIDRelation` varchar(255) DEFAULT NULL,
  `nRelationID` int(11) NOT NULL,
  `dtEntered` datetime DEFAULT NULL,
  `nEnteredBy` int(11) Not NULL,
  `dtUpdated` datetime DEFAULT NULL,
  `nUpdatedBy` int(11) Not NULL,
  PRIMARY KEY (`Id`)
) ENGINE=InnoDB AUTO_INCREMENT=1 DEFAULT CHARSET=latin1;


CREATE TABLE `lnkgbchatrel` (
  `Id` int(11) NOT NULL AUTO_INCREMENT,
  `sGBId` varchar(255) DEFAULT NULL,
  `nChatrelAmount` decimal(15,2) NOT NULL,
  `nChatrelMeal` decimal(15,2) DEFAULT NULL,
  `nChatrelYear` int(11) DEFAULT NULL,
  `nChatrelLateFeesPercentage` int(11) DEFAULT NULL,
  `nArrearsAmount` decimal(15,2) DEFAULT NULL,
  `dtArrearsFrom` date DEFAULT NULL,
  `dtArrearsTo` date DEFAULT NULL,
  `nCurrentChatrelSalaryAmt` decimal(15,2)DEFAULT NULL,
  `dtCurrentChatrelFrom` date DEFAULT NULL,
  `dtCurrentChatrelTo` date DEFAULT NULL,
  `nChatrelAdditionalDonationAmt` decimal(15,2) DEFAULT NULL,
  `nChatrelBusinessDonationAmt` decimal(15,2) DEFAULT NULL,
  `nChatrelTotalAmount` decimal(15,2) DEFAULT NULL,
  `sChatrelReceiptNumber` varchar(255) DEFAULT NULL,
  `nAuthRegionID` int(11) DEFAULT NULL,
  `sCountryID` varchar(255) DEFAULT NULL,
  `sPaymentCurrency` varchar(255) DEFAULT NULL,
  `sPaidByGBId` varchar(255) DEFAULT NULL,
  `dtPayment` datetime DEFAULT NULL,
  `dtEntered` datetime DEFAULT NULL,
  `nEnteredBy` int(11) NOT NULL,
  PRIMARY KEY (`Id`)
) ENGINE=InnoDB AUTO_INCREMENT=262141 DEFAULT CHARSET=latin1;

CREATE TABLE `lnkGBDocument` (
  `id` int(11) NOT NULL AUTO_INCREMENT,
  `sGBId` varchar(255) DEFAULT NULL,
  `sTitle` varchar(255) DEFAULT NULL,
  `sDocType` varchar(255) DEFAULT NULL,
  `binFileDoc` longblob DEFAULT NULL,  
  `sFileExtension` varchar(255) DEFAULT NULL,
  `nRegisterDate` int(64) DEFAULT NULL,
  `dtEntered` datetime DEFAULT NULL,
  `nEnteredBy` int(11) NOT NULL,
  PRIMARY KEY (`id`)
) ENGINE=InnoDB AUTO_INCREMENT=5843 DEFAULT CHARSET=utf8;



CREATE TABLE `lnkGBNote` (
  `Id` int(11) NOT NULL AUTO_INCREMENT,
  `sGBId` varchar(255) DEFAULT NULL,
  `sNote` longtext DEFAULT NULL,
  `dtEntered` datetime DEFAULT NULL,
  `nEnteredBy` int(11) Not NULL,
  PRIMARY KEY (`Id`),
  KEY `sGBId` (`sGBId`)
) ENGINE=InnoDB AUTO_INCREMENT=27870 DEFAULT CHARSET=latin1;


CREATE TABLE `lnkGBChildren` (
  `Id` int(11) NOT NULL AUTO_INCREMENT,
  `sGBIDParent` varchar(255) DEFAULT NULL,
  `sName` varchar(100) DEFAULT NULL,
  `dtDOB` datetime DEFAULT NULL,
  `sGender` varchar(1) DEFAULT NULL,
  `sChildID` varchar(50) DEFAULT NULL,
  `sGBIDChild` varchar(100) DEFAULT NULL,
  `dtEntered` datetime DEFAULT NULL,
  `nEnteredBy` int(11) NOT NULL,
  PRIMARY KEY (`ID`),
  KEY `sGBIDParent` (`sGBIDParent`)
) ENGINE=InnoDB AUTO_INCREMENT=109498 DEFAULT CHARSET=latin1;

CREATE TABLE `lnkFeatureUserRights` (
  `Id` int(11) NOT NULL AUTO_INCREMENT,
  `nFeatureID` int(11) Not NULL,
  `nUserRightsID` int(11) Not NULL,
  `bRights` tinyint(1) NOT NULL,
  `dtEntered` datetime DEFAULT NULL,
  `nEnteredBy` int(11) Not NULL,
  PRIMARY KEY (`Id`)
) ENGINE=InnoDB AUTO_INCREMENT=1 DEFAULT CHARSET=latin1;

-- 
-- Store Procedure GreenBook By GBID
-- 

DROP procedure IF EXISTS `spGetGreenBookByGBID`;

DELIMITER $$
USE `ctadb`$$
CREATE PROCEDURE `spGetGreenBookByGBID` (IN sGBIDIN VARCHAR(255))
BEGIN
	SELECT * FROM tblgreenbook where sGBID = sGBIDIN;
END$$

DELIMITER ;


DROP procedure IF EXISTS `spGetNewGreenBookDataByFormNo`;

DELIMITER $$
USE `ctadb`$$
CREATE PROCEDURE `spGetNewGreenBookDataByFormNo` (IN nFormNumberIN int(11))
BEGIN
	select ID, sAuthRegion, sCountryID from lstauthregion;
    select ID, sCountry, sCountryID from lstcountry ;
    select Id, sProvince from lstProvince;
    select Id, sQualification, sQualificationID from lstQualification;
    select Id, sOccupationDesc from lstoccupation;
    select Id, sDOBApproxID, sDOBApproxName from lstDOBApprox;
    select tblgivengbid.nGBId as nGBId, tblMadeb.* from tblMadeb 
    inner join tblgivengbid on tblMadeb.nFormNumber = tblgivengbid.nFormNo
    where tblMadeb.nMadebTypeId = 1 and tblMadeb.nFormNumber = nFormNumberIN;
END$$

DELIMITER ;


DROP procedure IF EXISTS `spGetNewMadebData`;

DELIMITER $$
USE `ctadb`$$
CREATE PROCEDURE `spGetNewMadebData` ()
BEGIN
	select Id, sMadebDisplayName from lstmadebtype;
select ID, sAuthRegion from lstauthregion;
select Id, sTypeIssued from lsttypeissued;
select Id, sMadebStatus from lstmadebstatus;
-- select 7000 as nFormNumber;
select IF(IFNULL(nFormNumber,0), IFNULL(nFormNumber,0) + 1,7000) as nFormNumber from tblmadeb order by nFormNumber desc limit 0,1;
END$$

DELIMITER ;

DROP procedure IF EXISTS `spDeleteGreenBook`;

DELIMITER $$

CREATE PROCEDURE `spDeleteGreenBook`(IN sGBIDIN VARCHAR(255), OUT result INT)
BEGIN
    DELETE FROM tblgreenbook WHERE tblgreenbook.sGBID = sGBIDIN;
    SET result = row_count();
END$$

DELIMITER ;


DROP procedure IF EXISTS `spGetUserAuthorization`;

DELIMITER $$
CREATE PROCEDURE `spGetUserAuthorization` (IN nUserIdIN int(11))
BEGIN
	 SELECT `Id`,
		 `sUsername`,
		 `sFullName`,
		 `sOffice`,
		 `nUserRightsId`,
		 `bActive`
	 FROM `tbluser`
	 WHERE 
		`Id` = nUserIdIN
		AND 
		bActive = 1;
	 
	SELECT `Id`,
		 `sUserRightsName`
	 FROM `lstuserrights`
	 WHERE Id IN (Select `nUserRightsId` from tblUser where Id = nUserIdIN);
	 
	  
	SELECT `Id`,
		 `nFeatureID`,
		 `nUserRightsID`,
		 `bRights`
	 FROM `lnkfeatureuserrights`
	 WHERE nUserRightsID IN (Select `nUserRightsId` from tblUser where Id = nUserIdIN) and bRights=1;
END$$

DELIMITER ;



DROP procedure IF EXISTS `spGetFeatureUserRights`;

DELIMITER $$
CREATE PROCEDURE `spGetFeatureUserRights` ()
BEGIN

	SET @sql = NULL;
	SELECT
	  GROUP_CONCAT(DISTINCT
		CONCAT(
		  'SUM(CASE WHEN (lfu.nUserRightsID=''',
		  lfu.nUserRightsID,
		  ''') THEN lfu.bRights ELSE null END) ''',
		  ur.sUserRightsName, ''''
		)
	  ) INTO @sql
	FROM
	  lnkfeatureuserrights lfu
	LEFT JOIN lstuserrights ur
		ON ur.Id = lfu.nUserRightsID;
		

	SET @sql = CONCAT('SELECT lfu.nFeatureID,  
						lf.sFeature, ', @sql, ' 
						FROM lnkfeatureuserrights lfu
						LEFT JOIN lstfeature lf
								ON lf.Id = lfu.nFeatureID
						GROUP BY lfu.nFeatureID');
	-- select @sql;


	PREPARE stmt FROM @sql;
	EXECUTE stmt;
	DEALLOCATE PREPARE stmt;
	
	
	
	SELECT Id, sUserRightsName from lstuserrights;
	
	SELECT Id, sFeature from lstFeature;
END$$

DELIMITER ;


DROP procedure IF EXISTS `spGetNewGreenBookSerialData`;
DELIMITER $$
CREATE PROCEDURE `spGetNewGreenBookSerialData`()
BEGIN
    SELECT Id, sMadebType FROM lstmadebtype;
    SELECT ID, sAuthRegion FROM lstauthregion;
    SELECT ID, sCountryID, sCountry FROM lstcountry;
    SELECT max(nBookNo) + 1 AS nBookNo FROM tblgreenbookserial;
END$$
DELIMITER ;

DROP procedure IF EXISTS `spGetFormNumber`;
DELIMITER $$
CREATE PROCEDURE `spGetFormNumber`(IN formNumberIN INT, OUT result INT)
BEGIN
    DECLARE exist BOOLEAN;
   
   
    SELECT EXISTS (SELECT nFormNumber FROM tblmadeb WHERE nFormNumber = formNumberIN) INTO exist;
    IF (exist) THEN
        SELECT MAX(nFormNumber+1) FROM tblmadeb INTO formNumberIN;
       
    END IF;
    SET result = formNumberIN;
    SELECT result;
END$$
DELIMITER ;


CREATE INDEX MDB_GBID ON tblmadeb(sGBID);
CREATE INDEX GREENBOOK_GBID ON tblgreenbook(sGBID);
CREATE INDEX GBID_RELATION ON lnkgbrelation(sgbidrelation, nrelationid);
CREATE INDEX GB_DOC_GBID ON lnkgbdocument (sGBID);



